ISO-10303-21;
HEADER;
/* Generated by software containing ST-Developer
 * from STEP Tools, Inc. (www.steptools.com) 
 */
/* OPTION: strings as raw bytes, not using required /X/ escapes */

FILE_DESCRIPTION(
/* description */ ('Unknown'),
/* implementation_level */ '2;1');

FILE_NAME(
/* name */ '74439358xxx',
/* time_stamp */ '2025-04-28T09:46:42+02:00',
/* author */ ('Unknown'),
/* organization */ ('Unknown'),
/* preprocessor_version */ 'ST-DEVELOPER v19.4',
/* originating_system */ 'Solid Edge',
/* authorisation */ 'Unknown');

FILE_SCHEMA (('AUTOMOTIVE_DESIGN {1 0 10303 214 3 1 1}'));
ENDSEC;

DATA;
#10=PROPERTY_DEFINITION_REPRESENTATION(#14,#12);
#11=PROPERTY_DEFINITION_REPRESENTATION(#15,#13);
#12=REPRESENTATION('',(#16),#3142);
#13=REPRESENTATION('',(#17),#3142);
#14=PROPERTY_DEFINITION('pmi validation property','',#3147);
#15=PROPERTY_DEFINITION('pmi validation property','',#3147);
#16=VALUE_REPRESENTATION_ITEM('number of annotations',COUNT_MEASURE(0.));
#17=VALUE_REPRESENTATION_ITEM('number of views',COUNT_MEASURE(0.));
#18=SHAPE_REPRESENTATION_RELATIONSHIP('','',#1782,#19);
#19=ADVANCED_BREP_SHAPE_REPRESENTATION('',(#1780),#3142);
#20=B_SPLINE_SURFACE_WITH_KNOTS('',3,1,((#2591,#2592),(#2593,#2594),(#2595,
#2596),(#2597,#2598),(#2599,#2600),(#2601,#2602),(#2603,#2604),(#2605,#2606),
(#2607,#2608),(#2609,#2610),(#2611,#2612),(#2613,#2614),(#2615,#2616)),
 .SURF_OF_LINEAR_EXTRUSION.,.F.,.F.,.F.,(4,1,1,1,1,1,1,1,1,1,4),(2,2),(0.,
0.0652108122986817,0.130421624597363,0.163027030746704,0.195632436896045,
0.260843249194727,0.293448655344068,0.326054061493408,0.39126487379209,
0.456475686090772,0.521686498389454),(0.,1.),.UNSPECIFIED.);
#21=B_SPLINE_SURFACE_WITH_KNOTS('',3,1,((#2653,#2654),(#2655,#2656),(#2657,
#2658),(#2659,#2660),(#2661,#2662),(#2663,#2664),(#2665,#2666),(#2667,#2668),
(#2669,#2670),(#2671,#2672),(#2673,#2674),(#2675,#2676)),
 .SURF_OF_LINEAR_EXTRUSION.,.F.,.F.,.F.,(4,1,1,1,1,1,1,1,1,4),(2,2),(0.545998838935994,
0.653332481541308,0.706999302843965,0.760666124146622,0.78749953479795,
0.814332945449279,0.841166356100607,0.867999766751936,0.921666588054593,
0.97533340935725),(0.,1.),.UNSPECIFIED.);
#22=B_SPLINE_SURFACE_WITH_KNOTS('',3,1,((#2698,#2699),(#2700,#2701),(#2702,
#2703),(#2704,#2705),(#2706,#2707),(#2708,#2709),(#2710,#2711),(#2712,#2713),
(#2714,#2715),(#2716,#2717),(#2718,#2719),(#2720,#2721),(#2722,#2723),(#2724,
#2725),(#2726,#2727)),.SURF_OF_LINEAR_EXTRUSION.,.T.,.F.,.F.,(1,1,1,1,1,
1,1,1,1,1,1,1,1,1,1,1,1,1,1),(2,2),(-0.260371655883778,-0.15105710018828,
-0.0755285500941401,0.,0.0865438747670317,0.173087749534063,0.259631624301095,
0.346175499068127,0.417210071406276,0.488244643744425,0.559279216082574,
0.630313788420724,0.739628344116222,0.84894289981172,0.92447144990586,1.,
1.08654387476703,1.17308774953406,1.25963162430109),(0.,1.),
 .UNSPECIFIED.);
#23=B_SPLINE_SURFACE_WITH_KNOTS('',3,1,((#2772,#2773),(#2774,#2775),(#2776,
#2777),(#2778,#2779),(#2780,#2781),(#2782,#2783),(#2784,#2785),(#2786,#2787),
(#2788,#2789),(#2790,#2791),(#2792,#2793),(#2794,#2795),(#2796,#2797),(#2798,
#2799),(#2800,#2801),(#2802,#2803)),.SURF_OF_LINEAR_EXTRUSION.,.T.,.F.,
 .F.,(1,1,1,1,1,1,1,1,1,1,1,1,1,1,1,1,1,1,1,1),(2,2),(-0.204584709891967,
-0.144928910387285,-0.0724644551936424,0.,0.0629690578439291,0.125938115687858,
0.239698340817663,0.296578453382566,0.353458565947468,0.484953228770727,
0.550700560182356,0.616447891593985,0.73575949060335,0.795415290108033,
0.855071089612715,0.927535544806358,1.,1.06296905784393,1.12593811568786,
1.23969834081766),(0.,1.),.UNSPECIFIED.);
#24=B_SPLINE_SURFACE_WITH_KNOTS('',3,1,((#2859,#2860),(#2861,#2862),(#2863,
#2864),(#2865,#2866),(#2867,#2868),(#2869,#2870),(#2871,#2872),(#2873,#2874),
(#2875,#2876),(#2877,#2878)),.SURF_OF_LINEAR_EXTRUSION.,.F.,.F.,.F.,(4,
1,1,1,1,1,1,4),(2,2),(0.383498757285665,0.50341863125534,0.563378568240177,
0.623338505225015,0.683298442209852,0.74325837919469,0.803218316179528,
0.863178253164365),(0.,1.),.UNSPECIFIED.);
#25=B_SPLINE_SURFACE_WITH_KNOTS('',3,1,((#2915,#2916),(#2917,#2918),(#2919,
#2920),(#2921,#2922),(#2923,#2924),(#2925,#2926)),
 .SURF_OF_LINEAR_EXTRUSION.,.F.,.F.,.F.,(4,1,1,4),(2,2),(0.506681691917046,
0.753340845958523,0.876670422979261,1.),(0.,1.),.UNSPECIFIED.);
#26=B_SPLINE_SURFACE_WITH_KNOTS('',3,1,((#2950,#2951),(#2952,#2953),(#2954,
#2955),(#2956,#2957),(#2958,#2959),(#2960,#2961)),
 .SURF_OF_LINEAR_EXTRUSION.,.F.,.F.,.F.,(4,1,1,4),(2,2),(0.,0.104103498409125,
0.156155247613687,0.208206996818249),(0.,1.),.UNSPECIFIED.);
#27=B_SPLINE_SURFACE_WITH_KNOTS('',3,1,((#2999,#3000),(#3001,#3002),(#3003,
#3004),(#3005,#3006),(#3007,#3008),(#3009,#3010),(#3011,#3012)),
 .SURF_OF_LINEAR_EXTRUSION.,.F.,.F.,.F.,(4,1,1,1,4),(2,2),(0.,0.163153570448122,
0.326307140896245,0.489460711344367,0.65261428179249),(0.,1.),
 .UNSPECIFIED.);
#28=B_SPLINE_SURFACE_WITH_KNOTS('',3,1,((#3039,#3040),(#3041,#3042),(#3043,
#3044),(#3045,#3046),(#3047,#3048)),.SURF_OF_LINEAR_EXTRUSION.,.F.,.F.,
 .F.,(4,1,4),(2,2),(0.818345014290746,0.909172507145373,1.),(0.,1.),
 .UNSPECIFIED.);
#29=B_SPLINE_SURFACE_WITH_KNOTS('',3,1,((#3062,#3063),(#3064,#3065),(#3066,
#3067),(#3068,#3069)),.SURF_OF_LINEAR_EXTRUSION.,.F.,.F.,.F.,(4,4),(2,2),
(0.,0.0133925248318678),(0.,1.),.PIECEWISE_BEZIER_KNOTS.);
#30=B_SPLINE_SURFACE_WITH_KNOTS('',3,1,((#3083,#3084),(#3085,#3086),(#3087,
#3088),(#3089,#3090),(#3091,#3092),(#3093,#3094),(#3095,#3096),(#3097,#3098),
(#3099,#3100),(#3101,#3102)),.SURF_OF_LINEAR_EXTRUSION.,.F.,.F.,.F.,(4,
1,1,1,1,1,1,4),(2,2),(0.0404503156217582,0.197084586378266,0.27540172175652,
0.353718857134773,0.432035992513027,0.510353127891281,0.588670263269535,
0.666987398647789),(0.,1.),.UNSPECIFIED.);
#31=CYLINDRICAL_SURFACE('',#1795,0.2);
#32=CYLINDRICAL_SURFACE('',#1798,0.2);
#33=CYLINDRICAL_SURFACE('',#1801,0.2);
#34=CYLINDRICAL_SURFACE('',#1804,0.2);
#35=CYLINDRICAL_SURFACE('',#1824,0.5);
#36=CYLINDRICAL_SURFACE('',#1825,0.5);
#37=CYLINDRICAL_SURFACE('',#1826,0.5);
#38=CYLINDRICAL_SURFACE('',#1827,0.5);
#39=CYLINDRICAL_SURFACE('',#1833,0.1);
#40=CYLINDRICAL_SURFACE('',#1836,0.1);
#41=CYLINDRICAL_SURFACE('',#1838,0.1);
#42=CYLINDRICAL_SURFACE('',#1840,0.1);
#43=CYLINDRICAL_SURFACE('',#1846,0.5);
#44=ELLIPSE('',#1787,0.707106781186548,0.5);
#45=ELLIPSE('',#1788,0.707106781186548,0.5);
#46=ELLIPSE('',#1789,0.14142135623731,0.1);
#47=ELLIPSE('',#1790,0.14142135623731,0.1);
#48=ELLIPSE('',#1834,0.14142135623731,0.1);
#49=ELLIPSE('',#1835,0.14142135623731,0.1);
#50=ELLIPSE('',#1837,0.14142135623731,0.1);
#51=ELLIPSE('',#1839,0.14142135623731,0.1);
#52=ELLIPSE('',#1841,0.14142135623731,0.1);
#53=ELLIPSE('',#1842,0.14142135623731,0.1);
#54=LINE('',#2280,#136);
#55=LINE('',#2282,#137);
#56=LINE('',#2284,#138);
#57=LINE('',#2286,#139);
#58=LINE('',#2288,#140);
#59=LINE('',#2373,#141);
#60=LINE('',#2376,#142);
#61=LINE('',#2380,#143);
#62=LINE('',#2384,#144);
#63=LINE('',#2386,#145);
#64=LINE('',#2389,#146);
#65=LINE('',#2391,#147);
#66=LINE('',#2393,#148);
#67=LINE('',#2395,#149);
#68=LINE('',#2398,#150);
#69=LINE('',#2400,#151);
#70=LINE('',#2402,#152);
#71=LINE('',#2404,#153);
#72=LINE('',#2407,#154);
#73=LINE('',#2409,#155);
#74=LINE('',#2411,#156);
#75=LINE('',#2413,#157);
#76=LINE('',#2416,#158);
#77=LINE('',#2418,#159);
#78=LINE('',#2420,#160);
#79=LINE('',#2434,#161);
#80=LINE('',#2437,#162);
#81=LINE('',#2439,#163);
#82=LINE('',#2441,#164);
#83=LINE('',#2442,#165);
#84=LINE('',#2445,#166);
#85=LINE('',#2447,#167);
#86=LINE('',#2449,#168);
#87=LINE('',#2451,#169);
#88=LINE('',#2453,#170);
#89=LINE('',#2455,#171);
#90=LINE('',#2457,#172);
#91=LINE('',#2462,#173);
#92=LINE('',#2465,#174);
#93=LINE('',#2467,#175);
#94=LINE('',#2471,#176);
#95=LINE('',#2475,#177);
#96=LINE('',#2476,#178);
#97=LINE('',#2478,#179);
#98=LINE('',#2486,#180);
#99=LINE('',#2490,#181);
#100=LINE('',#2491,#182);
#101=LINE('',#2497,#183);
#102=LINE('',#2502,#184);
#103=LINE('',#2506,#185);
#104=LINE('',#2523,#186);
#105=LINE('',#2525,#187);
#106=LINE('',#2531,#188);
#107=LINE('',#2536,#189);
#108=LINE('',#2541,#190);
#109=LINE('',#2546,#191);
#110=LINE('',#2551,#192);
#111=LINE('',#2556,#193);
#112=LINE('',#2562,#194);
#113=LINE('',#2567,#195);
#114=LINE('',#2572,#196);
#115=LINE('',#2577,#197);
#116=LINE('',#2583,#198);
#117=LINE('',#2590,#199);
#118=LINE('',#2645,#200);
#119=LINE('',#2652,#201);
#120=LINE('',#2830,#202);
#121=LINE('',#2837,#203);
#122=LINE('',#2844,#204);
#123=LINE('',#2851,#205);
#124=LINE('',#2858,#206);
#125=LINE('',#2899,#207);
#126=LINE('',#2907,#208);
#127=LINE('',#2914,#209);
#128=LINE('',#2949,#210);
#129=LINE('',#3025,#211);
#130=LINE('',#3038,#212);
#131=LINE('',#3049,#213);
#132=LINE('',#3061,#214);
#133=LINE('',#3075,#215);
#134=LINE('',#3082,#216);
#135=LINE('',#3124,#217);
#136=VECTOR('',#1885,1000.);
#137=VECTOR('',#1886,1000.);
#138=VECTOR('',#1887,1000.);
#139=VECTOR('',#1888,1000.);
#140=VECTOR('',#1889,1000.);
#141=VECTOR('',#1894,1000.);
#142=VECTOR('',#1897,1000.);
#143=VECTOR('',#1900,1000.);
#144=VECTOR('',#1903,1000.);
#145=VECTOR('',#1906,1000.);
#146=VECTOR('',#1907,1000.);
#147=VECTOR('',#1908,1000.);
#148=VECTOR('',#1909,1000.);
#149=VECTOR('',#1912,1000.);
#150=VECTOR('',#1913,1000.);
#151=VECTOR('',#1914,1000.);
#152=VECTOR('',#1915,1000.);
#153=VECTOR('',#1918,1000.);
#154=VECTOR('',#1919,1000.);
#155=VECTOR('',#1920,1000.);
#156=VECTOR('',#1921,1000.);
#157=VECTOR('',#1924,1000.);
#158=VECTOR('',#1925,1000.);
#159=VECTOR('',#1926,1000.);
#160=VECTOR('',#1927,1000.);
#161=VECTOR('',#1954,1000.);
#162=VECTOR('',#1955,1000.);
#163=VECTOR('',#1956,1000.);
#164=VECTOR('',#1957,1000.);
#165=VECTOR('',#1958,1000.);
#166=VECTOR('',#1959,1000.);
#167=VECTOR('',#1960,1000.);
#168=VECTOR('',#1961,1000.);
#169=VECTOR('',#1964,1000.);
#170=VECTOR('',#1965,1000.);
#171=VECTOR('',#1966,1000.);
#172=VECTOR('',#1969,1000.);
#173=VECTOR('',#1972,1000.);
#174=VECTOR('',#1977,1000.);
#175=VECTOR('',#1978,1000.);
#176=VECTOR('',#1983,1000.);
#177=VECTOR('',#1988,1000.);
#178=VECTOR('',#1989,1000.);
#179=VECTOR('',#1992,1000.);
#180=VECTOR('',#2001,1000.);
#181=VECTOR('',#2006,1000.);
#182=VECTOR('',#2007,1000.);
#183=VECTOR('',#2018,1000.);
#184=VECTOR('',#2021,1000.);
#185=VECTOR('',#2024,1000.);
#186=VECTOR('',#2051,1000.);
#187=VECTOR('',#2054,1000.);
#188=VECTOR('',#2065,1000.);
#189=VECTOR('',#2066,1000.);
#190=VECTOR('',#2069,1000.);
#191=VECTOR('',#2072,1000.);
#192=VECTOR('',#2075,1000.);
#193=VECTOR('',#2078,1000.);
#194=VECTOR('',#2085,1000.);
#195=VECTOR('',#2086,1000.);
#196=VECTOR('',#2089,1000.);
#197=VECTOR('',#2092,1000.);
#198=VECTOR('',#2099,1000.);
#199=VECTOR('',#2100,1000.);
#200=VECTOR('',#2101,1000.);
#201=VECTOR('',#2104,1000.);
#202=VECTOR('',#2113,1000.);
#203=VECTOR('',#2114,1000.);
#204=VECTOR('',#2117,1000.);
#205=VECTOR('',#2120,1000.);
#206=VECTOR('',#2123,1000.);
#207=VECTOR('',#2124,1000.);
#208=VECTOR('',#2127,1000.);
#209=VECTOR('',#2128,1000.);
#210=VECTOR('',#2129,1000.);
#211=VECTOR('',#2136,1000.);
#212=VECTOR('',#2137,1000.);
#213=VECTOR('',#2138,1000.);
#214=VECTOR('',#2139,1000.);
#215=VECTOR('',#2140,1000.);
#216=VECTOR('',#2143,1000.);
#217=VECTOR('',#2144,1000.);
#218=CIRCLE('',#1785,0.5);
#219=CIRCLE('',#1796,0.2);
#220=CIRCLE('',#1797,0.2);
#221=CIRCLE('',#1799,0.2);
#222=CIRCLE('',#1800,0.2);
#223=CIRCLE('',#1802,0.2);
#224=CIRCLE('',#1803,0.2);
#225=CIRCLE('',#1805,0.2);
#226=CIRCLE('',#1806,0.2);
#227=CIRCLE('',#1810,0.5);
#228=CIRCLE('',#1811,0.5);
#229=CIRCLE('',#1814,0.5);
#230=CIRCLE('',#1815,0.5);
#231=CIRCLE('',#1818,0.5);
#232=CIRCLE('',#1819,0.5);
#233=CIRCLE('',#1821,0.5);
#234=CIRCLE('',#1822,0.5);
#235=CIRCLE('',#1829,0.1);
#236=CIRCLE('',#1830,0.1);
#237=CIRCLE('',#1831,0.1);
#238=CIRCLE('',#1832,0.1);
#239=CIRCLE('',#1847,0.5);
#240=ORIENTED_EDGE('',*,*,#596,.T.);
#241=ORIENTED_EDGE('',*,*,#597,.T.);
#242=ORIENTED_EDGE('',*,*,#598,.T.);
#243=ORIENTED_EDGE('',*,*,#599,.T.);
#244=ORIENTED_EDGE('',*,*,#600,.T.);
#245=ORIENTED_EDGE('',*,*,#601,.T.);
#246=ORIENTED_EDGE('',*,*,#602,.T.);
#247=ORIENTED_EDGE('',*,*,#603,.T.);
#248=ORIENTED_EDGE('',*,*,#604,.T.);
#249=ORIENTED_EDGE('',*,*,#605,.T.);
#250=ORIENTED_EDGE('',*,*,#606,.T.);
#251=ORIENTED_EDGE('',*,*,#607,.T.);
#252=ORIENTED_EDGE('',*,*,#608,.T.);
#253=ORIENTED_EDGE('',*,*,#609,.T.);
#254=ORIENTED_EDGE('',*,*,#610,.T.);
#255=ORIENTED_EDGE('',*,*,#611,.T.);
#256=ORIENTED_EDGE('',*,*,#612,.T.);
#257=ORIENTED_EDGE('',*,*,#613,.T.);
#258=ORIENTED_EDGE('',*,*,#614,.T.);
#259=ORIENTED_EDGE('',*,*,#615,.T.);
#260=ORIENTED_EDGE('',*,*,#616,.T.);
#261=ORIENTED_EDGE('',*,*,#617,.T.);
#262=ORIENTED_EDGE('',*,*,#618,.T.);
#263=ORIENTED_EDGE('',*,*,#619,.T.);
#264=ORIENTED_EDGE('',*,*,#620,.T.);
#265=ORIENTED_EDGE('',*,*,#621,.T.);
#266=ORIENTED_EDGE('',*,*,#622,.T.);
#267=ORIENTED_EDGE('',*,*,#623,.T.);
#268=ORIENTED_EDGE('',*,*,#624,.T.);
#269=ORIENTED_EDGE('',*,*,#625,.T.);
#270=ORIENTED_EDGE('',*,*,#626,.T.);
#271=ORIENTED_EDGE('',*,*,#627,.T.);
#272=ORIENTED_EDGE('',*,*,#613,.F.);
#273=ORIENTED_EDGE('',*,*,#628,.T.);
#274=ORIENTED_EDGE('',*,*,#629,.F.);
#275=ORIENTED_EDGE('',*,*,#630,.T.);
#276=ORIENTED_EDGE('',*,*,#617,.F.);
#277=ORIENTED_EDGE('',*,*,#631,.F.);
#278=ORIENTED_EDGE('',*,*,#632,.F.);
#279=ORIENTED_EDGE('',*,*,#633,.T.);
#280=ORIENTED_EDGE('',*,*,#634,.F.);
#281=ORIENTED_EDGE('',*,*,#635,.T.);
#282=ORIENTED_EDGE('',*,*,#636,.T.);
#283=ORIENTED_EDGE('',*,*,#637,.F.);
#284=ORIENTED_EDGE('',*,*,#638,.T.);
#285=ORIENTED_EDGE('',*,*,#639,.F.);
#286=ORIENTED_EDGE('',*,*,#640,.T.);
#287=ORIENTED_EDGE('',*,*,#641,.F.);
#288=ORIENTED_EDGE('',*,*,#642,.T.);
#289=ORIENTED_EDGE('',*,*,#643,.F.);
#290=ORIENTED_EDGE('',*,*,#644,.T.);
#291=ORIENTED_EDGE('',*,*,#645,.F.);
#292=ORIENTED_EDGE('',*,*,#646,.T.);
#293=ORIENTED_EDGE('',*,*,#647,.F.);
#294=ORIENTED_EDGE('',*,*,#648,.T.);
#295=ORIENTED_EDGE('',*,*,#649,.F.);
#296=ORIENTED_EDGE('',*,*,#650,.T.);
#297=ORIENTED_EDGE('',*,*,#651,.F.);
#298=ORIENTED_EDGE('',*,*,#642,.F.);
#299=ORIENTED_EDGE('',*,*,#652,.T.);
#300=ORIENTED_EDGE('',*,*,#644,.F.);
#301=ORIENTED_EDGE('',*,*,#653,.F.);
#302=ORIENTED_EDGE('',*,*,#638,.F.);
#303=ORIENTED_EDGE('',*,*,#654,.T.);
#304=ORIENTED_EDGE('',*,*,#640,.F.);
#305=ORIENTED_EDGE('',*,*,#655,.F.);
#306=ORIENTED_EDGE('',*,*,#650,.F.);
#307=ORIENTED_EDGE('',*,*,#656,.T.);
#308=ORIENTED_EDGE('',*,*,#636,.F.);
#309=ORIENTED_EDGE('',*,*,#657,.F.);
#310=ORIENTED_EDGE('',*,*,#646,.F.);
#311=ORIENTED_EDGE('',*,*,#658,.T.);
#312=ORIENTED_EDGE('',*,*,#648,.F.);
#313=ORIENTED_EDGE('',*,*,#659,.F.);
#314=ORIENTED_EDGE('',*,*,#647,.T.);
#315=ORIENTED_EDGE('',*,*,#659,.T.);
#316=ORIENTED_EDGE('',*,*,#651,.T.);
#317=ORIENTED_EDGE('',*,*,#657,.T.);
#318=ORIENTED_EDGE('',*,*,#639,.T.);
#319=ORIENTED_EDGE('',*,*,#655,.T.);
#320=ORIENTED_EDGE('',*,*,#643,.T.);
#321=ORIENTED_EDGE('',*,*,#653,.T.);
#322=ORIENTED_EDGE('',*,*,#660,.T.);
#323=ORIENTED_EDGE('',*,*,#661,.T.);
#324=ORIENTED_EDGE('',*,*,#662,.T.);
#325=ORIENTED_EDGE('',*,*,#663,.T.);
#326=ORIENTED_EDGE('',*,*,#664,.F.);
#327=ORIENTED_EDGE('',*,*,#665,.F.);
#328=ORIENTED_EDGE('',*,*,#666,.F.);
#329=ORIENTED_EDGE('',*,*,#667,.F.);
#330=ORIENTED_EDGE('',*,*,#668,.T.);
#331=ORIENTED_EDGE('',*,*,#669,.T.);
#332=ORIENTED_EDGE('',*,*,#670,.F.);
#333=ORIENTED_EDGE('',*,*,#661,.F.);
#334=ORIENTED_EDGE('',*,*,#671,.T.);
#335=ORIENTED_EDGE('',*,*,#672,.T.);
#336=ORIENTED_EDGE('',*,*,#673,.F.);
#337=ORIENTED_EDGE('',*,*,#662,.F.);
#338=ORIENTED_EDGE('',*,*,#670,.T.);
#339=ORIENTED_EDGE('',*,*,#674,.T.);
#340=ORIENTED_EDGE('',*,*,#673,.T.);
#341=ORIENTED_EDGE('',*,*,#675,.T.);
#342=ORIENTED_EDGE('',*,*,#676,.F.);
#343=ORIENTED_EDGE('',*,*,#663,.F.);
#344=ORIENTED_EDGE('',*,*,#676,.T.);
#345=ORIENTED_EDGE('',*,*,#677,.T.);
#346=ORIENTED_EDGE('',*,*,#678,.T.);
#347=ORIENTED_EDGE('',*,*,#679,.T.);
#348=ORIENTED_EDGE('',*,*,#668,.F.);
#349=ORIENTED_EDGE('',*,*,#660,.F.);
#350=ORIENTED_EDGE('',*,*,#678,.F.);
#351=ORIENTED_EDGE('',*,*,#680,.T.);
#352=ORIENTED_EDGE('',*,*,#671,.F.);
#353=ORIENTED_EDGE('',*,*,#681,.T.);
#354=ORIENTED_EDGE('',*,*,#682,.F.);
#355=ORIENTED_EDGE('',*,*,#683,.T.);
#356=ORIENTED_EDGE('',*,*,#664,.T.);
#357=ORIENTED_EDGE('',*,*,#684,.T.);
#358=ORIENTED_EDGE('',*,*,#666,.T.);
#359=ORIENTED_EDGE('',*,*,#685,.T.);
#360=ORIENTED_EDGE('',*,*,#686,.F.);
#361=ORIENTED_EDGE('',*,*,#687,.T.);
#362=ORIENTED_EDGE('',*,*,#686,.T.);
#363=ORIENTED_EDGE('',*,*,#688,.T.);
#364=ORIENTED_EDGE('',*,*,#682,.T.);
#365=ORIENTED_EDGE('',*,*,#689,.T.);
#366=ORIENTED_EDGE('',*,*,#679,.F.);
#367=ORIENTED_EDGE('',*,*,#681,.F.);
#368=ORIENTED_EDGE('',*,*,#674,.F.);
#369=ORIENTED_EDGE('',*,*,#669,.F.);
#370=ORIENTED_EDGE('',*,*,#684,.F.);
#371=ORIENTED_EDGE('',*,*,#667,.T.);
#372=ORIENTED_EDGE('',*,*,#687,.F.);
#373=ORIENTED_EDGE('',*,*,#689,.F.);
#374=ORIENTED_EDGE('',*,*,#685,.F.);
#375=ORIENTED_EDGE('',*,*,#665,.T.);
#376=ORIENTED_EDGE('',*,*,#683,.F.);
#377=ORIENTED_EDGE('',*,*,#688,.F.);
#378=ORIENTED_EDGE('',*,*,#672,.F.);
#379=ORIENTED_EDGE('',*,*,#680,.F.);
#380=ORIENTED_EDGE('',*,*,#677,.F.);
#381=ORIENTED_EDGE('',*,*,#675,.F.);
#382=ORIENTED_EDGE('',*,*,#690,.F.);
#383=ORIENTED_EDGE('',*,*,#691,.T.);
#384=ORIENTED_EDGE('',*,*,#692,.F.);
#385=ORIENTED_EDGE('',*,*,#693,.T.);
#386=ORIENTED_EDGE('',*,*,#694,.F.);
#387=ORIENTED_EDGE('',*,*,#695,.T.);
#388=ORIENTED_EDGE('',*,*,#633,.F.);
#389=ORIENTED_EDGE('',*,*,#696,.T.);
#390=ORIENTED_EDGE('',*,*,#641,.T.);
#391=ORIENTED_EDGE('',*,*,#654,.F.);
#392=ORIENTED_EDGE('',*,*,#637,.T.);
#393=ORIENTED_EDGE('',*,*,#656,.F.);
#394=ORIENTED_EDGE('',*,*,#649,.T.);
#395=ORIENTED_EDGE('',*,*,#658,.F.);
#396=ORIENTED_EDGE('',*,*,#645,.T.);
#397=ORIENTED_EDGE('',*,*,#652,.F.);
#398=ORIENTED_EDGE('',*,*,#693,.F.);
#399=ORIENTED_EDGE('',*,*,#697,.T.);
#400=ORIENTED_EDGE('',*,*,#698,.T.);
#401=ORIENTED_EDGE('',*,*,#699,.T.);
#402=ORIENTED_EDGE('',*,*,#634,.T.);
#403=ORIENTED_EDGE('',*,*,#695,.F.);
#404=ORIENTED_EDGE('',*,*,#632,.T.);
#405=ORIENTED_EDGE('',*,*,#700,.T.);
#406=ORIENTED_EDGE('',*,*,#696,.F.);
#407=ORIENTED_EDGE('',*,*,#691,.F.);
#408=ORIENTED_EDGE('',*,*,#701,.T.);
#409=ORIENTED_EDGE('',*,*,#702,.T.);
#410=ORIENTED_EDGE('',*,*,#694,.T.);
#411=ORIENTED_EDGE('',*,*,#698,.F.);
#412=ORIENTED_EDGE('',*,*,#703,.F.);
#413=ORIENTED_EDGE('',*,*,#614,.F.);
#414=ORIENTED_EDGE('',*,*,#635,.F.);
#415=ORIENTED_EDGE('',*,*,#699,.F.);
#416=ORIENTED_EDGE('',*,*,#692,.T.);
#417=ORIENTED_EDGE('',*,*,#702,.F.);
#418=ORIENTED_EDGE('',*,*,#704,.F.);
#419=ORIENTED_EDGE('',*,*,#615,.F.);
#420=ORIENTED_EDGE('',*,*,#703,.T.);
#421=ORIENTED_EDGE('',*,*,#697,.F.);
#422=ORIENTED_EDGE('',*,*,#701,.F.);
#423=ORIENTED_EDGE('',*,*,#690,.T.);
#424=ORIENTED_EDGE('',*,*,#700,.F.);
#425=ORIENTED_EDGE('',*,*,#631,.T.);
#426=ORIENTED_EDGE('',*,*,#616,.F.);
#427=ORIENTED_EDGE('',*,*,#704,.T.);
#428=ORIENTED_EDGE('',*,*,#612,.F.);
#429=ORIENTED_EDGE('',*,*,#630,.F.);
#430=ORIENTED_EDGE('',*,*,#705,.T.);
#431=ORIENTED_EDGE('',*,*,#628,.F.);
#432=ORIENTED_EDGE('',*,*,#629,.T.);
#433=ORIENTED_EDGE('',*,*,#705,.F.);
#434=ORIENTED_EDGE('',*,*,#606,.F.);
#435=ORIENTED_EDGE('',*,*,#706,.F.);
#436=ORIENTED_EDGE('',*,*,#707,.T.);
#437=ORIENTED_EDGE('',*,*,#708,.T.);
#438=ORIENTED_EDGE('',*,*,#607,.F.);
#439=ORIENTED_EDGE('',*,*,#708,.F.);
#440=ORIENTED_EDGE('',*,*,#709,.T.);
#441=ORIENTED_EDGE('',*,*,#710,.T.);
#442=ORIENTED_EDGE('',*,*,#608,.F.);
#443=ORIENTED_EDGE('',*,*,#710,.F.);
#444=ORIENTED_EDGE('',*,*,#711,.T.);
#445=ORIENTED_EDGE('',*,*,#712,.T.);
#446=ORIENTED_EDGE('',*,*,#609,.F.);
#447=ORIENTED_EDGE('',*,*,#712,.F.);
#448=ORIENTED_EDGE('',*,*,#713,.T.);
#449=ORIENTED_EDGE('',*,*,#714,.T.);
#450=ORIENTED_EDGE('',*,*,#610,.F.);
#451=ORIENTED_EDGE('',*,*,#714,.F.);
#452=ORIENTED_EDGE('',*,*,#715,.T.);
#453=ORIENTED_EDGE('',*,*,#716,.T.);
#454=ORIENTED_EDGE('',*,*,#611,.F.);
#455=ORIENTED_EDGE('',*,*,#716,.F.);
#456=ORIENTED_EDGE('',*,*,#717,.T.);
#457=ORIENTED_EDGE('',*,*,#706,.T.);
#458=ORIENTED_EDGE('',*,*,#707,.F.);
#459=ORIENTED_EDGE('',*,*,#717,.F.);
#460=ORIENTED_EDGE('',*,*,#715,.F.);
#461=ORIENTED_EDGE('',*,*,#713,.F.);
#462=ORIENTED_EDGE('',*,*,#711,.F.);
#463=ORIENTED_EDGE('',*,*,#709,.F.);
#464=ORIENTED_EDGE('',*,*,#618,.F.);
#465=ORIENTED_EDGE('',*,*,#718,.F.);
#466=ORIENTED_EDGE('',*,*,#719,.T.);
#467=ORIENTED_EDGE('',*,*,#720,.T.);
#468=ORIENTED_EDGE('',*,*,#619,.F.);
#469=ORIENTED_EDGE('',*,*,#720,.F.);
#470=ORIENTED_EDGE('',*,*,#721,.T.);
#471=ORIENTED_EDGE('',*,*,#722,.T.);
#472=ORIENTED_EDGE('',*,*,#620,.F.);
#473=ORIENTED_EDGE('',*,*,#722,.F.);
#474=ORIENTED_EDGE('',*,*,#723,.T.);
#475=ORIENTED_EDGE('',*,*,#724,.T.);
#476=ORIENTED_EDGE('',*,*,#621,.F.);
#477=ORIENTED_EDGE('',*,*,#724,.F.);
#478=ORIENTED_EDGE('',*,*,#725,.T.);
#479=ORIENTED_EDGE('',*,*,#718,.T.);
#480=ORIENTED_EDGE('',*,*,#719,.F.);
#481=ORIENTED_EDGE('',*,*,#725,.F.);
#482=ORIENTED_EDGE('',*,*,#723,.F.);
#483=ORIENTED_EDGE('',*,*,#721,.F.);
#484=ORIENTED_EDGE('',*,*,#602,.F.);
#485=ORIENTED_EDGE('',*,*,#726,.F.);
#486=ORIENTED_EDGE('',*,*,#727,.T.);
#487=ORIENTED_EDGE('',*,*,#728,.T.);
#488=ORIENTED_EDGE('',*,*,#603,.F.);
#489=ORIENTED_EDGE('',*,*,#728,.F.);
#490=ORIENTED_EDGE('',*,*,#729,.T.);
#491=ORIENTED_EDGE('',*,*,#730,.T.);
#492=ORIENTED_EDGE('',*,*,#604,.F.);
#493=ORIENTED_EDGE('',*,*,#730,.F.);
#494=ORIENTED_EDGE('',*,*,#731,.T.);
#495=ORIENTED_EDGE('',*,*,#732,.T.);
#496=ORIENTED_EDGE('',*,*,#605,.F.);
#497=ORIENTED_EDGE('',*,*,#732,.F.);
#498=ORIENTED_EDGE('',*,*,#733,.T.);
#499=ORIENTED_EDGE('',*,*,#726,.T.);
#500=ORIENTED_EDGE('',*,*,#727,.F.);
#501=ORIENTED_EDGE('',*,*,#733,.F.);
#502=ORIENTED_EDGE('',*,*,#731,.F.);
#503=ORIENTED_EDGE('',*,*,#729,.F.);
#504=ORIENTED_EDGE('',*,*,#734,.T.);
#505=ORIENTED_EDGE('',*,*,#735,.F.);
#506=ORIENTED_EDGE('',*,*,#736,.T.);
#507=ORIENTED_EDGE('',*,*,#622,.F.);
#508=ORIENTED_EDGE('',*,*,#734,.F.);
#509=ORIENTED_EDGE('',*,*,#736,.F.);
#510=ORIENTED_EDGE('',*,*,#735,.T.);
#511=ORIENTED_EDGE('',*,*,#596,.F.);
#512=ORIENTED_EDGE('',*,*,#737,.F.);
#513=ORIENTED_EDGE('',*,*,#738,.T.);
#514=ORIENTED_EDGE('',*,*,#739,.T.);
#515=ORIENTED_EDGE('',*,*,#597,.F.);
#516=ORIENTED_EDGE('',*,*,#739,.F.);
#517=ORIENTED_EDGE('',*,*,#740,.T.);
#518=ORIENTED_EDGE('',*,*,#741,.T.);
#519=ORIENTED_EDGE('',*,*,#598,.F.);
#520=ORIENTED_EDGE('',*,*,#741,.F.);
#521=ORIENTED_EDGE('',*,*,#742,.T.);
#522=ORIENTED_EDGE('',*,*,#743,.T.);
#523=ORIENTED_EDGE('',*,*,#599,.F.);
#524=ORIENTED_EDGE('',*,*,#743,.F.);
#525=ORIENTED_EDGE('',*,*,#744,.T.);
#526=ORIENTED_EDGE('',*,*,#745,.T.);
#527=ORIENTED_EDGE('',*,*,#600,.F.);
#528=ORIENTED_EDGE('',*,*,#745,.F.);
#529=ORIENTED_EDGE('',*,*,#746,.T.);
#530=ORIENTED_EDGE('',*,*,#747,.T.);
#531=ORIENTED_EDGE('',*,*,#748,.F.);
#532=ORIENTED_EDGE('',*,*,#749,.F.);
#533=ORIENTED_EDGE('',*,*,#750,.T.);
#534=ORIENTED_EDGE('',*,*,#751,.T.);
#535=ORIENTED_EDGE('',*,*,#752,.F.);
#536=ORIENTED_EDGE('',*,*,#751,.F.);
#537=ORIENTED_EDGE('',*,*,#753,.T.);
#538=ORIENTED_EDGE('',*,*,#754,.T.);
#539=ORIENTED_EDGE('',*,*,#755,.F.);
#540=ORIENTED_EDGE('',*,*,#754,.F.);
#541=ORIENTED_EDGE('',*,*,#756,.T.);
#542=ORIENTED_EDGE('',*,*,#749,.T.);
#543=ORIENTED_EDGE('',*,*,#601,.F.);
#544=ORIENTED_EDGE('',*,*,#747,.F.);
#545=ORIENTED_EDGE('',*,*,#757,.T.);
#546=ORIENTED_EDGE('',*,*,#737,.T.);
#547=ORIENTED_EDGE('',*,*,#750,.F.);
#548=ORIENTED_EDGE('',*,*,#756,.F.);
#549=ORIENTED_EDGE('',*,*,#753,.F.);
#550=ORIENTED_EDGE('',*,*,#738,.F.);
#551=ORIENTED_EDGE('',*,*,#757,.F.);
#552=ORIENTED_EDGE('',*,*,#746,.F.);
#553=ORIENTED_EDGE('',*,*,#744,.F.);
#554=ORIENTED_EDGE('',*,*,#742,.F.);
#555=ORIENTED_EDGE('',*,*,#740,.F.);
#556=ORIENTED_EDGE('',*,*,#748,.T.);
#557=ORIENTED_EDGE('',*,*,#752,.T.);
#558=ORIENTED_EDGE('',*,*,#755,.T.);
#559=ORIENTED_EDGE('',*,*,#758,.F.);
#560=ORIENTED_EDGE('',*,*,#759,.F.);
#561=ORIENTED_EDGE('',*,*,#760,.T.);
#562=ORIENTED_EDGE('',*,*,#761,.T.);
#563=ORIENTED_EDGE('',*,*,#623,.F.);
#564=ORIENTED_EDGE('',*,*,#762,.F.);
#565=ORIENTED_EDGE('',*,*,#763,.T.);
#566=ORIENTED_EDGE('',*,*,#764,.T.);
#567=ORIENTED_EDGE('',*,*,#624,.F.);
#568=ORIENTED_EDGE('',*,*,#764,.F.);
#569=ORIENTED_EDGE('',*,*,#765,.T.);
#570=ORIENTED_EDGE('',*,*,#766,.T.);
#571=ORIENTED_EDGE('',*,*,#625,.F.);
#572=ORIENTED_EDGE('',*,*,#766,.F.);
#573=ORIENTED_EDGE('',*,*,#767,.T.);
#574=ORIENTED_EDGE('',*,*,#768,.T.);
#575=ORIENTED_EDGE('',*,*,#626,.F.);
#576=ORIENTED_EDGE('',*,*,#768,.F.);
#577=ORIENTED_EDGE('',*,*,#769,.T.);
#578=ORIENTED_EDGE('',*,*,#770,.T.);
#579=ORIENTED_EDGE('',*,*,#627,.F.);
#580=ORIENTED_EDGE('',*,*,#770,.F.);
#581=ORIENTED_EDGE('',*,*,#771,.T.);
#582=ORIENTED_EDGE('',*,*,#762,.T.);
#583=ORIENTED_EDGE('',*,*,#772,.F.);
#584=ORIENTED_EDGE('',*,*,#761,.F.);
#585=ORIENTED_EDGE('',*,*,#773,.T.);
#586=ORIENTED_EDGE('',*,*,#759,.T.);
#587=ORIENTED_EDGE('',*,*,#763,.F.);
#588=ORIENTED_EDGE('',*,*,#771,.F.);
#589=ORIENTED_EDGE('',*,*,#769,.F.);
#590=ORIENTED_EDGE('',*,*,#767,.F.);
#591=ORIENTED_EDGE('',*,*,#765,.F.);
#592=ORIENTED_EDGE('',*,*,#760,.F.);
#593=ORIENTED_EDGE('',*,*,#773,.F.);
#594=ORIENTED_EDGE('',*,*,#758,.T.);
#595=ORIENTED_EDGE('',*,*,#772,.T.);
#596=EDGE_CURVE('',#774,#775,#894,.T.);
#597=EDGE_CURVE('',#775,#776,#895,.T.);
#598=EDGE_CURVE('',#776,#777,#896,.T.);
#599=EDGE_CURVE('',#777,#778,#897,.T.);
#600=EDGE_CURVE('',#778,#779,#898,.T.);
#601=EDGE_CURVE('',#779,#774,#899,.T.);
#602=EDGE_CURVE('',#780,#781,#900,.T.);
#603=EDGE_CURVE('',#781,#782,#901,.T.);
#604=EDGE_CURVE('',#782,#783,#902,.T.);
#605=EDGE_CURVE('',#783,#780,#903,.T.);
#606=EDGE_CURVE('',#784,#785,#904,.T.);
#607=EDGE_CURVE('',#785,#786,#905,.T.);
#608=EDGE_CURVE('',#786,#787,#906,.T.);
#609=EDGE_CURVE('',#787,#788,#907,.T.);
#610=EDGE_CURVE('',#788,#789,#908,.T.);
#611=EDGE_CURVE('',#789,#784,#909,.T.);
#612=EDGE_CURVE('',#790,#791,#218,.T.);
#613=EDGE_CURVE('',#791,#792,#54,.T.);
#614=EDGE_CURVE('',#792,#793,#55,.T.);
#615=EDGE_CURVE('',#793,#794,#56,.T.);
#616=EDGE_CURVE('',#794,#795,#57,.T.);
#617=EDGE_CURVE('',#795,#790,#58,.T.);
#618=EDGE_CURVE('',#796,#797,#910,.T.);
#619=EDGE_CURVE('',#797,#798,#911,.T.);
#620=EDGE_CURVE('',#798,#799,#912,.T.);
#621=EDGE_CURVE('',#799,#796,#913,.T.);
#622=EDGE_CURVE('',#800,#800,#914,.T.);
#623=EDGE_CURVE('',#801,#802,#915,.T.);
#624=EDGE_CURVE('',#802,#803,#916,.T.);
#625=EDGE_CURVE('',#803,#804,#917,.T.);
#626=EDGE_CURVE('',#804,#805,#918,.T.);
#627=EDGE_CURVE('',#805,#801,#919,.T.);
#628=EDGE_CURVE('',#791,#806,#44,.F.);
#629=EDGE_CURVE('',#807,#806,#59,.T.);
#630=EDGE_CURVE('',#807,#790,#45,.F.);
#631=EDGE_CURVE('',#808,#795,#60,.F.);
#632=EDGE_CURVE('',#809,#808,#46,.F.);
#633=EDGE_CURVE('',#809,#810,#61,.T.);
#634=EDGE_CURVE('',#811,#810,#47,.F.);
#635=EDGE_CURVE('',#811,#792,#62,.F.);
#636=EDGE_CURVE('',#812,#813,#63,.F.);
#637=EDGE_CURVE('',#814,#813,#64,.T.);
#638=EDGE_CURVE('',#814,#815,#65,.T.);
#639=EDGE_CURVE('',#812,#815,#66,.T.);
#640=EDGE_CURVE('',#816,#817,#67,.F.);
#641=EDGE_CURVE('',#818,#817,#68,.T.);
#642=EDGE_CURVE('',#818,#819,#69,.T.);
#643=EDGE_CURVE('',#816,#819,#70,.T.);
#644=EDGE_CURVE('',#820,#821,#71,.F.);
#645=EDGE_CURVE('',#822,#821,#72,.T.);
#646=EDGE_CURVE('',#822,#823,#73,.T.);
#647=EDGE_CURVE('',#820,#823,#74,.T.);
#648=EDGE_CURVE('',#824,#825,#75,.F.);
#649=EDGE_CURVE('',#826,#825,#76,.T.);
#650=EDGE_CURVE('',#826,#827,#77,.T.);
#651=EDGE_CURVE('',#824,#827,#78,.T.);
#652=EDGE_CURVE('',#818,#821,#219,.F.);
#653=EDGE_CURVE('',#819,#820,#220,.T.);
#654=EDGE_CURVE('',#814,#817,#221,.F.);
#655=EDGE_CURVE('',#815,#816,#222,.T.);
#656=EDGE_CURVE('',#826,#813,#223,.F.);
#657=EDGE_CURVE('',#827,#812,#224,.T.);
#658=EDGE_CURVE('',#822,#825,#225,.F.);
#659=EDGE_CURVE('',#823,#824,#226,.T.);
#660=EDGE_CURVE('',#828,#829,#79,.T.);
#661=EDGE_CURVE('',#829,#830,#80,.T.);
#662=EDGE_CURVE('',#830,#831,#81,.T.);
#663=EDGE_CURVE('',#831,#828,#82,.T.);
#664=EDGE_CURVE('',#832,#833,#83,.T.);
#665=EDGE_CURVE('',#834,#832,#84,.T.);
#666=EDGE_CURVE('',#835,#834,#85,.T.);
#667=EDGE_CURVE('',#833,#835,#86,.T.);
#668=EDGE_CURVE('',#829,#836,#87,.T.);
#669=EDGE_CURVE('',#836,#837,#88,.T.);
#670=EDGE_CURVE('',#830,#837,#89,.T.);
#671=EDGE_CURVE('',#838,#839,#90,.T.);
#672=EDGE_CURVE('',#839,#840,#227,.F.);
#673=EDGE_CURVE('',#831,#840,#91,.T.);
#674=EDGE_CURVE('',#837,#838,#228,.F.);
#675=EDGE_CURVE('',#840,#841,#92,.T.);
#676=EDGE_CURVE('',#828,#841,#93,.T.);
#677=EDGE_CURVE('',#841,#842,#229,.F.);
#678=EDGE_CURVE('',#842,#843,#94,.T.);
#679=EDGE_CURVE('',#843,#836,#230,.F.);
#680=EDGE_CURVE('',#842,#839,#95,.F.);
#681=EDGE_CURVE('',#838,#843,#96,.F.);
#682=EDGE_CURVE('',#844,#845,#97,.T.);
#683=EDGE_CURVE('',#844,#832,#231,.F.);
#684=EDGE_CURVE('',#833,#845,#232,.F.);
#685=EDGE_CURVE('',#834,#846,#233,.F.);
#686=EDGE_CURVE('',#847,#846,#98,.T.);
#687=EDGE_CURVE('',#847,#835,#234,.F.);
#688=EDGE_CURVE('',#846,#844,#99,.T.);
#689=EDGE_CURVE('',#845,#847,#100,.T.);
#690=EDGE_CURVE('',#848,#849,#101,.T.);
#691=EDGE_CURVE('',#848,#850,#235,.F.);
#692=EDGE_CURVE('',#851,#850,#102,.T.);
#693=EDGE_CURVE('',#851,#852,#236,.F.);
#694=EDGE_CURVE('',#853,#852,#103,.T.);
#695=EDGE_CURVE('',#853,#810,#237,.F.);
#696=EDGE_CURVE('',#809,#849,#238,.F.);
#697=EDGE_CURVE('',#851,#854,#48,.F.);
#698=EDGE_CURVE('',#854,#852,#49,.F.);
#699=EDGE_CURVE('',#853,#811,#50,.F.);
#700=EDGE_CURVE('',#808,#849,#51,.F.);
#701=EDGE_CURVE('',#848,#855,#52,.F.);
#702=EDGE_CURVE('',#855,#850,#53,.F.);
#703=EDGE_CURVE('',#793,#854,#104,.T.);
#704=EDGE_CURVE('',#794,#855,#105,.T.);
#705=EDGE_CURVE('',#807,#806,#239,.T.);
#706=EDGE_CURVE('',#856,#784,#106,.T.);
#707=EDGE_CURVE('',#856,#857,#920,.T.);
#708=EDGE_CURVE('',#857,#785,#107,.T.);
#709=EDGE_CURVE('',#857,#858,#921,.T.);
#710=EDGE_CURVE('',#858,#786,#108,.T.);
#711=EDGE_CURVE('',#858,#859,#922,.T.);
#712=EDGE_CURVE('',#859,#787,#109,.T.);
#713=EDGE_CURVE('',#859,#860,#923,.T.);
#714=EDGE_CURVE('',#860,#788,#110,.T.);
#715=EDGE_CURVE('',#860,#861,#924,.T.);
#716=EDGE_CURVE('',#861,#789,#111,.T.);
#717=EDGE_CURVE('',#861,#856,#925,.T.);
#718=EDGE_CURVE('',#862,#796,#112,.T.);
#719=EDGE_CURVE('',#862,#863,#926,.T.);
#720=EDGE_CURVE('',#863,#797,#113,.T.);
#721=EDGE_CURVE('',#863,#864,#927,.T.);
#722=EDGE_CURVE('',#864,#798,#114,.T.);
#723=EDGE_CURVE('',#864,#865,#928,.T.);
#724=EDGE_CURVE('',#865,#799,#115,.T.);
#725=EDGE_CURVE('',#865,#862,#929,.T.);
#726=EDGE_CURVE('',#866,#780,#116,.T.);
#727=EDGE_CURVE('',#866,#867,#930,.T.);
#728=EDGE_CURVE('',#867,#781,#117,.T.);
#729=EDGE_CURVE('',#867,#868,#931,.T.);
#730=EDGE_CURVE('',#868,#782,#118,.T.);
#731=EDGE_CURVE('',#868,#869,#932,.T.);
#732=EDGE_CURVE('',#869,#783,#119,.T.);
#733=EDGE_CURVE('',#869,#866,#933,.T.);
#734=EDGE_CURVE('',#870,#870,#934,.T.);
#735=EDGE_CURVE('',#871,#871,#935,.T.);
#736=EDGE_CURVE('',#872,#872,#936,.T.);
#737=EDGE_CURVE('',#873,#774,#120,.T.);
#738=EDGE_CURVE('',#873,#874,#937,.T.);
#739=EDGE_CURVE('',#874,#775,#121,.T.);
#740=EDGE_CURVE('',#874,#875,#938,.T.);
#741=EDGE_CURVE('',#875,#776,#122,.T.);
#742=EDGE_CURVE('',#875,#876,#939,.T.);
#743=EDGE_CURVE('',#876,#777,#123,.T.);
#744=EDGE_CURVE('',#876,#877,#940,.T.);
#745=EDGE_CURVE('',#877,#778,#124,.T.);
#746=EDGE_CURVE('',#877,#878,#941,.T.);
#747=EDGE_CURVE('',#878,#779,#125,.T.);
#748=EDGE_CURVE('',#879,#880,#942,.T.);
#749=EDGE_CURVE('',#881,#879,#126,.T.);
#750=EDGE_CURVE('',#881,#882,#943,.T.);
#751=EDGE_CURVE('',#882,#880,#127,.T.);
#752=EDGE_CURVE('',#880,#883,#944,.T.);
#753=EDGE_CURVE('',#882,#884,#945,.T.);
#754=EDGE_CURVE('',#884,#883,#128,.T.);
#755=EDGE_CURVE('',#883,#879,#946,.T.);
#756=EDGE_CURVE('',#884,#881,#947,.T.);
#757=EDGE_CURVE('',#878,#873,#948,.T.);
#758=EDGE_CURVE('',#885,#886,#949,.T.);
#759=EDGE_CURVE('',#887,#885,#129,.T.);
#760=EDGE_CURVE('',#887,#888,#950,.T.);
#761=EDGE_CURVE('',#888,#886,#130,.T.);
#762=EDGE_CURVE('',#889,#801,#131,.T.);
#763=EDGE_CURVE('',#889,#890,#951,.T.);
#764=EDGE_CURVE('',#890,#802,#132,.T.);
#765=EDGE_CURVE('',#890,#891,#952,.T.);
#766=EDGE_CURVE('',#891,#803,#133,.T.);
#767=EDGE_CURVE('',#891,#892,#953,.T.);
#768=EDGE_CURVE('',#892,#804,#134,.T.);
#769=EDGE_CURVE('',#892,#893,#954,.T.);
#770=EDGE_CURVE('',#893,#805,#135,.T.);
#771=EDGE_CURVE('',#893,#889,#955,.T.);
#772=EDGE_CURVE('',#886,#885,#956,.T.);
#773=EDGE_CURVE('',#888,#887,#957,.T.);
#774=VERTEX_POINT('',#2159);
#775=VERTEX_POINT('',#2160);
#776=VERTEX_POINT('',#2165);
#777=VERTEX_POINT('',#2170);
#778=VERTEX_POINT('',#2175);
#779=VERTEX_POINT('',#2195);
#780=VERTEX_POINT('',#2204);
#781=VERTEX_POINT('',#2205);
#782=VERTEX_POINT('',#2233);
#783=VERTEX_POINT('',#2238);
#784=VERTEX_POINT('',#2261);
#785=VERTEX_POINT('',#2262);
#786=VERTEX_POINT('',#2265);
#787=VERTEX_POINT('',#2268);
#788=VERTEX_POINT('',#2271);
#789=VERTEX_POINT('',#2274);
#790=VERTEX_POINT('',#2278);
#791=VERTEX_POINT('',#2279);
#792=VERTEX_POINT('',#2281);
#793=VERTEX_POINT('',#2283);
#794=VERTEX_POINT('',#2285);
#795=VERTEX_POINT('',#2287);
#796=VERTEX_POINT('',#2291);
#797=VERTEX_POINT('',#2292);
#798=VERTEX_POINT('',#2295);
#799=VERTEX_POINT('',#2298);
#800=VERTEX_POINT('',#2323);
#801=VERTEX_POINT('',#2333);
#802=VERTEX_POINT('',#2334);
#803=VERTEX_POINT('',#2339);
#804=VERTEX_POINT('',#2344);
#805=VERTEX_POINT('',#2365);
#806=VERTEX_POINT('',#2372);
#807=VERTEX_POINT('',#2374);
#808=VERTEX_POINT('',#2377);
#809=VERTEX_POINT('',#2379);
#810=VERTEX_POINT('',#2381);
#811=VERTEX_POINT('',#2383);
#812=VERTEX_POINT('',#2387);
#813=VERTEX_POINT('',#2388);
#814=VERTEX_POINT('',#2390);
#815=VERTEX_POINT('',#2392);
#816=VERTEX_POINT('',#2396);
#817=VERTEX_POINT('',#2397);
#818=VERTEX_POINT('',#2399);
#819=VERTEX_POINT('',#2401);
#820=VERTEX_POINT('',#2405);
#821=VERTEX_POINT('',#2406);
#822=VERTEX_POINT('',#2408);
#823=VERTEX_POINT('',#2410);
#824=VERTEX_POINT('',#2414);
#825=VERTEX_POINT('',#2415);
#826=VERTEX_POINT('',#2417);
#827=VERTEX_POINT('',#2419);
#828=VERTEX_POINT('',#2435);
#829=VERTEX_POINT('',#2436);
#830=VERTEX_POINT('',#2438);
#831=VERTEX_POINT('',#2440);
#832=VERTEX_POINT('',#2443);
#833=VERTEX_POINT('',#2444);
#834=VERTEX_POINT('',#2446);
#835=VERTEX_POINT('',#2448);
#836=VERTEX_POINT('',#2452);
#837=VERTEX_POINT('',#2454);
#838=VERTEX_POINT('',#2458);
#839=VERTEX_POINT('',#2459);
#840=VERTEX_POINT('',#2461);
#841=VERTEX_POINT('',#2466);
#842=VERTEX_POINT('',#2470);
#843=VERTEX_POINT('',#2472);
#844=VERTEX_POINT('',#2479);
#845=VERTEX_POINT('',#2480);
#846=VERTEX_POINT('',#2485);
#847=VERTEX_POINT('',#2487);
#848=VERTEX_POINT('',#2498);
#849=VERTEX_POINT('',#2499);
#850=VERTEX_POINT('',#2501);
#851=VERTEX_POINT('',#2503);
#852=VERTEX_POINT('',#2505);
#853=VERTEX_POINT('',#2507);
#854=VERTEX_POINT('',#2512);
#855=VERTEX_POINT('',#2520);
#856=VERTEX_POINT('',#2532);
#857=VERTEX_POINT('',#2535);
#858=VERTEX_POINT('',#2540);
#859=VERTEX_POINT('',#2545);
#860=VERTEX_POINT('',#2550);
#861=VERTEX_POINT('',#2555);
#862=VERTEX_POINT('',#2563);
#863=VERTEX_POINT('',#2566);
#864=VERTEX_POINT('',#2571);
#865=VERTEX_POINT('',#2576);
#866=VERTEX_POINT('',#2584);
#867=VERTEX_POINT('',#2589);
#868=VERTEX_POINT('',#2644);
#869=VERTEX_POINT('',#2651);
#870=VERTEX_POINT('',#2749);
#871=VERTEX_POINT('',#2771);
#872=VERTEX_POINT('',#2826);
#873=VERTEX_POINT('',#2831);
#874=VERTEX_POINT('',#2836);
#875=VERTEX_POINT('',#2843);
#876=VERTEX_POINT('',#2850);
#877=VERTEX_POINT('',#2857);
#878=VERTEX_POINT('',#2898);
#879=VERTEX_POINT('',#2905);
#880=VERTEX_POINT('',#2906);
#881=VERTEX_POINT('',#2908);
#882=VERTEX_POINT('',#2913);
#883=VERTEX_POINT('',#2937);
#884=VERTEX_POINT('',#2948);
#885=VERTEX_POINT('',#3023);
#886=VERTEX_POINT('',#3024);
#887=VERTEX_POINT('',#3026);
#888=VERTEX_POINT('',#3037);
#889=VERTEX_POINT('',#3050);
#890=VERTEX_POINT('',#3060);
#891=VERTEX_POINT('',#3074);
#892=VERTEX_POINT('',#3081);
#893=VERTEX_POINT('',#3123);
#894=B_SPLINE_CURVE_WITH_KNOTS('',3,(#2155,#2156,#2157,#2158),
 .UNSPECIFIED.,.F.,.F.,(4,4),(0.965739304104162,1.),.UNSPECIFIED.);
#895=B_SPLINE_CURVE_WITH_KNOTS('',3,(#2161,#2162,#2163,#2164),
 .UNSPECIFIED.,.F.,.F.,(4,4),(0.,0.333323415554341),.UNSPECIFIED.);
#896=B_SPLINE_CURVE_WITH_KNOTS('',3,(#2166,#2167,#2168,#2169),
 .UNSPECIFIED.,.F.,.F.,(4,4),(0.333323415554341,0.367584111450179),
 .UNSPECIFIED.);
#897=B_SPLINE_CURVE_WITH_KNOTS('',3,(#2171,#2172,#2173,#2174),
 .UNSPECIFIED.,.F.,.F.,(4,4),(0.367584111450179,0.383498757285665),
 .UNSPECIFIED.);
#898=B_SPLINE_CURVE_WITH_KNOTS('',3,(#2176,#2177,#2178,#2179,#2180,#2181,
#2182,#2183,#2184,#2185,#2186,#2187,#2188,#2189,#2190,#2191,#2192,#2193,
#2194),.UNSPECIFIED.,.F.,.F.,(4,2,2,3,2,3,3,4),(0.383498757285665,0.450651918002148,
0.486466937050939,0.52228195609973,0.622452222280052,0.722131457743804,
0.805498659559241,0.863178253164365),.UNSPECIFIED.);
#899=B_SPLINE_CURVE_WITH_KNOTS('',3,(#2196,#2197,#2198,#2199),
 .UNSPECIFIED.,.F.,.F.,(4,4),(0.863178253164365,0.965739304104162),
 .UNSPECIFIED.);
#900=B_SPLINE_CURVE_WITH_KNOTS('',3,(#2200,#2201,#2202,#2203),
 .UNSPECIFIED.,.F.,.F.,(4,4),(0.97533340935725,1.),.UNSPECIFIED.);
#901=B_SPLINE_CURVE_WITH_KNOTS('',3,(#2206,#2207,#2208,#2209,#2210,#2211,
#2212,#2213,#2214,#2215,#2216,#2217,#2218,#2219,#2220,#2221,#2222,#2223,
#2224,#2225,#2226,#2227,#2228,#2229,#2230,#2231,#2232),.UNSPECIFIED.,.F.,
 .F.,(4,2,3,3,2,2,3,3,3,2,4),(0.,0.0600114717898846,0.120022943579769,0.159741516592934,
0.212661054230502,0.265580591868071,0.318089900531704,0.361816846514662,
0.401456690160338,0.461304416923275,0.521686498389454),.UNSPECIFIED.);
#902=B_SPLINE_CURVE_WITH_KNOTS('',3,(#2234,#2235,#2236,#2237),
 .UNSPECIFIED.,.F.,.F.,(4,4),(0.521686498389454,0.545998838935994),
 .UNSPECIFIED.);
#903=B_SPLINE_CURVE_WITH_KNOTS('',3,(#2239,#2240,#2241,#2242,#2243,#2244,
#2245,#2246,#2247,#2248,#2249,#2250,#2251,#2252,#2253,#2254,#2255,#2256,
#2257,#2258),.UNSPECIFIED.,.F.,.F.,(4,2,2,2,2,3,3,2,4),(0.545998838935994,
0.603356308028085,0.682933337218912,0.76251036640974,0.802478919532735,
0.84244747265573,0.872007724494994,0.923670566926122,0.97533340935725),
 .UNSPECIFIED.);
#904=B_SPLINE_CURVE_WITH_KNOTS('',1,(#2259,#2260),.UNSPECIFIED.,.F.,.F.,
(2,2),(0.967849223946785,1.),.UNSPECIFIED.);
#905=B_SPLINE_CURVE_WITH_KNOTS('',1,(#2263,#2264),.UNSPECIFIED.,.F.,.F.,
(2,2),(0.,0.177605321507761),.UNSPECIFIED.);
#906=B_SPLINE_CURVE_WITH_KNOTS('',1,(#2266,#2267),.UNSPECIFIED.,.F.,.F.,
(2,2),(0.177605321507761,0.5),.UNSPECIFIED.);
#907=B_SPLINE_CURVE_WITH_KNOTS('',1,(#2269,#2270),.UNSPECIFIED.,.F.,.F.,
(2,2),(0.5,0.535920177383592),.UNSPECIFIED.);
#908=B_SPLINE_CURVE_WITH_KNOTS('',1,(#2272,#2273),.UNSPECIFIED.,.F.,.F.,
(2,2),(0.535920177383592,0.826164079822617),.UNSPECIFIED.);
#909=B_SPLINE_CURVE_WITH_KNOTS('',1,(#2275,#2276),.UNSPECIFIED.,.F.,.F.,
(2,2),(0.826164079822617,0.967849223946785),.UNSPECIFIED.);
#910=B_SPLINE_CURVE_WITH_KNOTS('',1,(#2289,#2290),.UNSPECIFIED.,.F.,.F.,
(2,2),(0.594267515923567,1.),.UNSPECIFIED.);
#911=B_SPLINE_CURVE_WITH_KNOTS('',1,(#2293,#2294),.UNSPECIFIED.,.F.,.F.,
(2,2),(0.,0.094267515923567),.UNSPECIFIED.);
#912=B_SPLINE_CURVE_WITH_KNOTS('',1,(#2296,#2297),.UNSPECIFIED.,.F.,.F.,
(2,2),(0.094267515923567,0.5),.UNSPECIFIED.);
#913=B_SPLINE_CURVE_WITH_KNOTS('',1,(#2299,#2300),.UNSPECIFIED.,.F.,.F.,
(2,2),(0.5,0.594267515923567),.UNSPECIFIED.);
#914=B_SPLINE_CURVE_WITH_KNOTS('',3,(#2301,#2302,#2303,#2304,#2305,#2306,
#2307,#2308,#2309,#2310,#2311,#2312,#2313,#2314,#2315,#2316,#2317,#2318,
#2319,#2320,#2321,#2322),.UNSPECIFIED.,.T.,.F.,(4,3,2,3,2,3,2,3,4),(0.,
0.132566437566167,0.249355947606197,0.365433326487448,0.497861380768257,
0.630289435049065,0.748959820173488,0.867630205297911,1.),.UNSPECIFIED.);
#915=B_SPLINE_CURVE_WITH_KNOTS('',3,(#2324,#2325,#2326,#2327,#2328,#2329,
#2330,#2331,#2332),.UNSPECIFIED.,.F.,.F.,(4,3,2,4),(0.818345014290746,0.877316822960036,
0.938364911056477,1.),.UNSPECIFIED.);
#916=B_SPLINE_CURVE_WITH_KNOTS('',3,(#2335,#2336,#2337,#2338),
 .UNSPECIFIED.,.F.,.F.,(4,4),(0.,0.0133925248318678),.UNSPECIFIED.);
#917=B_SPLINE_CURVE_WITH_KNOTS('',3,(#2340,#2341,#2342,#2343),
 .UNSPECIFIED.,.F.,.F.,(4,4),(0.0133925248318678,0.0404503156217582),
 .UNSPECIFIED.);
#918=B_SPLINE_CURVE_WITH_KNOTS('',3,(#2345,#2346,#2347,#2348,#2349,#2350,
#2351,#2352,#2353,#2354,#2355,#2356,#2357,#2358,#2359,#2360,#2361,#2362,
#2363,#2364),.UNSPECIFIED.,.F.,.F.,(4,2,3,2,3,3,3,4),(0.0404503156217582,
0.112627307737504,0.209076208706332,0.299035534787066,0.477981653693608,
0.554396606711633,0.640732799690584,0.666987398647789),.UNSPECIFIED.);
#919=B_SPLINE_CURVE_WITH_KNOTS('',3,(#2366,#2367,#2368,#2369),
 .UNSPECIFIED.,.F.,.F.,(4,4),(0.666987398647789,0.818345014290746),
 .UNSPECIFIED.);
#920=B_SPLINE_CURVE_WITH_KNOTS('',1,(#2533,#2534),.UNSPECIFIED.,.F.,.F.,
(2,2),(0.967849223946785,1.),.UNSPECIFIED.);
#921=B_SPLINE_CURVE_WITH_KNOTS('',1,(#2538,#2539),.UNSPECIFIED.,.F.,.F.,
(2,2),(0.,0.177605321507761),.UNSPECIFIED.);
#922=B_SPLINE_CURVE_WITH_KNOTS('',1,(#2543,#2544),.UNSPECIFIED.,.F.,.F.,
(2,2),(0.177605321507761,0.5),.UNSPECIFIED.);
#923=B_SPLINE_CURVE_WITH_KNOTS('',1,(#2548,#2549),.UNSPECIFIED.,.F.,.F.,
(2,2),(0.5,0.535920177383592),.UNSPECIFIED.);
#924=B_SPLINE_CURVE_WITH_KNOTS('',1,(#2553,#2554),.UNSPECIFIED.,.F.,.F.,
(2,2),(0.535920177383592,0.826164079822617),.UNSPECIFIED.);
#925=B_SPLINE_CURVE_WITH_KNOTS('',1,(#2558,#2559),.UNSPECIFIED.,.F.,.F.,
(2,2),(0.826164079822617,0.967849223946785),.UNSPECIFIED.);
#926=B_SPLINE_CURVE_WITH_KNOTS('',1,(#2564,#2565),.UNSPECIFIED.,.F.,.F.,
(2,2),(0.594267515923567,1.),.UNSPECIFIED.);
#927=B_SPLINE_CURVE_WITH_KNOTS('',1,(#2569,#2570),.UNSPECIFIED.,.F.,.F.,
(2,2),(0.,0.094267515923567),.UNSPECIFIED.);
#928=B_SPLINE_CURVE_WITH_KNOTS('',1,(#2574,#2575),.UNSPECIFIED.,.F.,.F.,
(2,2),(0.094267515923567,0.5),.UNSPECIFIED.);
#929=B_SPLINE_CURVE_WITH_KNOTS('',1,(#2579,#2580),.UNSPECIFIED.,.F.,.F.,
(2,2),(0.5,0.594267515923567),.UNSPECIFIED.);
#930=B_SPLINE_CURVE_WITH_KNOTS('',3,(#2585,#2586,#2587,#2588),
 .UNSPECIFIED.,.F.,.F.,(4,4),(0.97533340935725,1.),.UNSPECIFIED.);
#931=B_SPLINE_CURVE_WITH_KNOTS('',3,(#2617,#2618,#2619,#2620,#2621,#2622,
#2623,#2624,#2625,#2626,#2627,#2628,#2629,#2630,#2631,#2632,#2633,#2634,
#2635,#2636,#2637,#2638,#2639,#2640,#2641,#2642,#2643),.UNSPECIFIED.,.F.,
 .F.,(4,2,3,3,2,2,3,3,3,2,4),(0.,0.0600114717898846,0.120022943579769,0.159741516592934,
0.212661054230502,0.265580591868071,0.318089900531704,0.361816846514662,
0.401456690160338,0.461304416923275,0.521686498389454),.UNSPECIFIED.);
#932=B_SPLINE_CURVE_WITH_KNOTS('',3,(#2647,#2648,#2649,#2650),
 .UNSPECIFIED.,.F.,.F.,(4,4),(0.521686498389454,0.545998838935994),
 .UNSPECIFIED.);
#933=B_SPLINE_CURVE_WITH_KNOTS('',3,(#2677,#2678,#2679,#2680,#2681,#2682,
#2683,#2684,#2685,#2686,#2687,#2688,#2689,#2690,#2691,#2692,#2693,#2694,
#2695,#2696),.UNSPECIFIED.,.F.,.F.,(4,2,2,2,2,3,3,2,4),(0.545998838935994,
0.603356308028085,0.682933337218912,0.76251036640974,0.802478919532735,
0.84244747265573,0.872007724494994,0.923670566926122,0.97533340935725),
 .UNSPECIFIED.);
#934=B_SPLINE_CURVE_WITH_KNOTS('',3,(#2728,#2729,#2730,#2731,#2732,#2733,
#2734,#2735,#2736,#2737,#2738,#2739,#2740,#2741,#2742,#2743,#2744,#2745,
#2746,#2747,#2748),.UNSPECIFIED.,.T.,.F.,(4,2,2,3,2,3,2,3,4),(0.,0.121806281458032,
0.243612562916067,0.364395262176975,0.504831848702865,0.645268435228755,
0.752859065188422,0.860449695148088,1.),.UNSPECIFIED.);
#935=B_SPLINE_CURVE_WITH_KNOTS('',3,(#2750,#2751,#2752,#2753,#2754,#2755,
#2756,#2757,#2758,#2759,#2760,#2761,#2762,#2763,#2764,#2765,#2766,#2767,
#2768,#2769,#2770),.UNSPECIFIED.,.T.,.F.,(4,2,2,3,2,3,2,3,4),(0.,0.121806281458032,
0.243612562916067,0.364395262176975,0.504831848702865,0.645268435228755,
0.752859065188422,0.860449695148088,1.),.UNSPECIFIED.);
#936=B_SPLINE_CURVE_WITH_KNOTS('',3,(#2804,#2805,#2806,#2807,#2808,#2809,
#2810,#2811,#2812,#2813,#2814,#2815,#2816,#2817,#2818,#2819,#2820,#2821,
#2822,#2823,#2824,#2825),.UNSPECIFIED.,.T.,.F.,(4,3,2,3,2,3,2,3,4),(0.,
0.132566437566167,0.249355947606197,0.365433326487448,0.497861380768257,
0.630289435049065,0.748959820173488,0.867630205297911,1.),.UNSPECIFIED.);
#937=B_SPLINE_CURVE_WITH_KNOTS('',3,(#2832,#2833,#2834,#2835),
 .UNSPECIFIED.,.F.,.F.,(4,4),(0.965739304104162,1.),.UNSPECIFIED.);
#938=B_SPLINE_CURVE_WITH_KNOTS('',3,(#2839,#2840,#2841,#2842),
 .UNSPECIFIED.,.F.,.F.,(4,4),(0.,0.333323415554341),.UNSPECIFIED.);
#939=B_SPLINE_CURVE_WITH_KNOTS('',3,(#2846,#2847,#2848,#2849),
 .UNSPECIFIED.,.F.,.F.,(4,4),(0.333323415554341,0.367584111450179),
 .UNSPECIFIED.);
#940=B_SPLINE_CURVE_WITH_KNOTS('',3,(#2853,#2854,#2855,#2856),
 .UNSPECIFIED.,.F.,.F.,(4,4),(0.367584111450179,0.383498757285665),
 .UNSPECIFIED.);
#941=B_SPLINE_CURVE_WITH_KNOTS('',3,(#2879,#2880,#2881,#2882,#2883,#2884,
#2885,#2886,#2887,#2888,#2889,#2890,#2891,#2892,#2893,#2894,#2895,#2896,
#2897),.UNSPECIFIED.,.F.,.F.,(4,2,2,3,2,3,3,4),(0.383498757285665,0.450651918002148,
0.486466937050939,0.52228195609973,0.622452222280052,0.722131457743804,
0.805498659559241,0.863178253164365),.UNSPECIFIED.);
#942=B_SPLINE_CURVE_WITH_KNOTS('',3,(#2901,#2902,#2903,#2904),
 .UNSPECIFIED.,.F.,.F.,(4,4),(0.208206996818249,0.506681691917046),
 .UNSPECIFIED.);
#943=B_SPLINE_CURVE_WITH_KNOTS('',3,(#2909,#2910,#2911,#2912),
 .UNSPECIFIED.,.F.,.F.,(4,4),(0.208206996818249,0.506681691917046),
 .UNSPECIFIED.);
#944=B_SPLINE_CURVE_WITH_KNOTS('',3,(#2927,#2928,#2929,#2930,#2931,#2932,
#2933,#2934,#2935,#2936),.UNSPECIFIED.,.F.,.F.,(4,2,2,2,4),(0.506681691917046,
0.600343985243751,0.72762864027748,0.854913295311206,1.),.UNSPECIFIED.);
#945=B_SPLINE_CURVE_WITH_KNOTS('',3,(#2938,#2939,#2940,#2941,#2942,#2943,
#2944,#2945,#2946,#2947),.UNSPECIFIED.,.F.,.F.,(4,2,2,2,4),(0.506681691917046,
0.600343985243751,0.72762864027748,0.854913295311206,1.),.UNSPECIFIED.);
#946=B_SPLINE_CURVE_WITH_KNOTS('',3,(#2962,#2963,#2964,#2965,#2966,#2967,
#2968,#2969,#2970,#2971,#2972,#2973,#2974,#2975,#2976),.UNSPECIFIED.,.F.,
 .F.,(4,3,2,3,3,4),(0.,0.0380040097136332,0.0875681656180824,0.137132321522532,
0.188882428875458,0.208206996818249),.UNSPECIFIED.);
#947=B_SPLINE_CURVE_WITH_KNOTS('',3,(#2977,#2978,#2979,#2980,#2981,#2982,
#2983,#2984,#2985,#2986,#2987,#2988,#2989,#2990,#2991),.UNSPECIFIED.,.F.,
 .F.,(4,3,2,3,3,4),(0.,0.0380040097136332,0.0875681656180824,0.137132321522532,
0.188882428875458,0.208206996818249),.UNSPECIFIED.);
#948=B_SPLINE_CURVE_WITH_KNOTS('',3,(#2993,#2994,#2995,#2996),
 .UNSPECIFIED.,.F.,.F.,(4,4),(0.863178253164365,0.965739304104162),
 .UNSPECIFIED.);
#949=B_SPLINE_CURVE_WITH_KNOTS('',3,(#3013,#3014,#3015,#3016,#3017,#3018,
#3019,#3020,#3021,#3022),.UNSPECIFIED.,.F.,.F.,(4,2,2,2,4),(0.,0.163153570448123,
0.326307140896246,0.489460711344369,0.65261428179249),.UNSPECIFIED.);
#950=B_SPLINE_CURVE_WITH_KNOTS('',3,(#3027,#3028,#3029,#3030,#3031,#3032,
#3033,#3034,#3035,#3036),.UNSPECIFIED.,.F.,.F.,(4,2,2,2,4),(0.,0.163153570448123,
0.326307140896246,0.489460711344369,0.65261428179249),.UNSPECIFIED.);
#951=B_SPLINE_CURVE_WITH_KNOTS('',3,(#3051,#3052,#3053,#3054,#3055,#3056,
#3057,#3058,#3059),.UNSPECIFIED.,.F.,.F.,(4,3,2,4),(0.818345014290746,0.877316822960036,
0.938364911056477,1.),.UNSPECIFIED.);
#952=B_SPLINE_CURVE_WITH_KNOTS('',3,(#3070,#3071,#3072,#3073),
 .UNSPECIFIED.,.F.,.F.,(4,4),(0.,0.0133925248318678),.UNSPECIFIED.);
#953=B_SPLINE_CURVE_WITH_KNOTS('',3,(#3077,#3078,#3079,#3080),
 .UNSPECIFIED.,.F.,.F.,(4,4),(0.0133925248318678,0.0404503156217582),
 .UNSPECIFIED.);
#954=B_SPLINE_CURVE_WITH_KNOTS('',3,(#3103,#3104,#3105,#3106,#3107,#3108,
#3109,#3110,#3111,#3112,#3113,#3114,#3115,#3116,#3117,#3118,#3119,#3120,
#3121,#3122),.UNSPECIFIED.,.F.,.F.,(4,2,3,2,3,3,3,4),(0.0404503156217582,
0.112627307737504,0.209076208706332,0.299035534787066,0.477981653693608,
0.554396606711633,0.640732799690584,0.666987398647789),.UNSPECIFIED.);
#955=B_SPLINE_CURVE_WITH_KNOTS('',3,(#3126,#3127,#3128,#3129),
 .UNSPECIFIED.,.F.,.F.,(4,4),(0.666987398647789,0.818345014290746),
 .UNSPECIFIED.);
#956=B_SPLINE_CURVE_WITH_KNOTS('',3,(#3131,#3132,#3133,#3134),
 .UNSPECIFIED.,.F.,.F.,(4,4),(0.65261428179249,1.),.UNSPECIFIED.);
#957=B_SPLINE_CURVE_WITH_KNOTS('',3,(#3135,#3136,#3137,#3138),
 .UNSPECIFIED.,.F.,.F.,(4,4),(0.65261428179249,1.),.UNSPECIFIED.);
#958=EDGE_LOOP('',(#240,#241,#242,#243,#244,#245));
#959=EDGE_LOOP('',(#246,#247,#248,#249));
#960=EDGE_LOOP('',(#250,#251,#252,#253,#254,#255));
#961=EDGE_LOOP('',(#256,#257,#258,#259,#260,#261));
#962=EDGE_LOOP('',(#262,#263,#264,#265));
#963=EDGE_LOOP('',(#266));
#964=EDGE_LOOP('',(#267,#268,#269,#270,#271));
#965=EDGE_LOOP('',(#272,#273,#274,#275,#276,#277,#278,#279,#280,#281));
#966=EDGE_LOOP('',(#282,#283,#284,#285));
#967=EDGE_LOOP('',(#286,#287,#288,#289));
#968=EDGE_LOOP('',(#290,#291,#292,#293));
#969=EDGE_LOOP('',(#294,#295,#296,#297));
#970=EDGE_LOOP('',(#298,#299,#300,#301));
#971=EDGE_LOOP('',(#302,#303,#304,#305));
#972=EDGE_LOOP('',(#306,#307,#308,#309));
#973=EDGE_LOOP('',(#310,#311,#312,#313));
#974=EDGE_LOOP('',(#314,#315,#316,#317,#318,#319,#320,#321));
#975=EDGE_LOOP('',(#322,#323,#324,#325));
#976=EDGE_LOOP('',(#326,#327,#328,#329));
#977=EDGE_LOOP('',(#330,#331,#332,#333));
#978=EDGE_LOOP('',(#334,#335,#336,#337,#338,#339));
#979=EDGE_LOOP('',(#340,#341,#342,#343));
#980=EDGE_LOOP('',(#344,#345,#346,#347,#348,#349));
#981=EDGE_LOOP('',(#350,#351,#352,#353));
#982=EDGE_LOOP('',(#354,#355,#356,#357));
#983=EDGE_LOOP('',(#358,#359,#360,#361));
#984=EDGE_LOOP('',(#362,#363,#364,#365));
#985=EDGE_LOOP('',(#366,#367,#368,#369));
#986=EDGE_LOOP('',(#370,#371,#372,#373));
#987=EDGE_LOOP('',(#374,#375,#376,#377));
#988=EDGE_LOOP('',(#378,#379,#380,#381));
#989=EDGE_LOOP('',(#382,#383,#384,#385,#386,#387,#388,#389));
#990=EDGE_LOOP('',(#390,#391,#392,#393,#394,#395,#396,#397));
#991=EDGE_LOOP('',(#398,#399,#400));
#992=EDGE_LOOP('',(#401,#402,#403));
#993=EDGE_LOOP('',(#404,#405,#406));
#994=EDGE_LOOP('',(#407,#408,#409));
#995=EDGE_LOOP('',(#410,#411,#412,#413,#414,#415));
#996=EDGE_LOOP('',(#416,#417,#418,#419,#420,#421));
#997=EDGE_LOOP('',(#422,#423,#424,#425,#426,#427));
#998=EDGE_LOOP('',(#428,#429,#430,#431));
#999=EDGE_LOOP('',(#432,#433));
#1000=EDGE_LOOP('',(#434,#435,#436,#437));
#1001=EDGE_LOOP('',(#438,#439,#440,#441));
#1002=EDGE_LOOP('',(#442,#443,#444,#445));
#1003=EDGE_LOOP('',(#446,#447,#448,#449));
#1004=EDGE_LOOP('',(#450,#451,#452,#453));
#1005=EDGE_LOOP('',(#454,#455,#456,#457));
#1006=EDGE_LOOP('',(#458,#459,#460,#461,#462,#463));
#1007=EDGE_LOOP('',(#464,#465,#466,#467));
#1008=EDGE_LOOP('',(#468,#469,#470,#471));
#1009=EDGE_LOOP('',(#472,#473,#474,#475));
#1010=EDGE_LOOP('',(#476,#477,#478,#479));
#1011=EDGE_LOOP('',(#480,#481,#482,#483));
#1012=EDGE_LOOP('',(#484,#485,#486,#487));
#1013=EDGE_LOOP('',(#488,#489,#490,#491));
#1014=EDGE_LOOP('',(#492,#493,#494,#495));
#1015=EDGE_LOOP('',(#496,#497,#498,#499));
#1016=EDGE_LOOP('',(#500,#501,#502,#503));
#1017=EDGE_LOOP('',(#504));
#1018=EDGE_LOOP('',(#505));
#1019=EDGE_LOOP('',(#506));
#1020=EDGE_LOOP('',(#507));
#1021=EDGE_LOOP('',(#508));
#1022=EDGE_LOOP('',(#509));
#1023=EDGE_LOOP('',(#510));
#1024=EDGE_LOOP('',(#511,#512,#513,#514));
#1025=EDGE_LOOP('',(#515,#516,#517,#518));
#1026=EDGE_LOOP('',(#519,#520,#521,#522));
#1027=EDGE_LOOP('',(#523,#524,#525,#526));
#1028=EDGE_LOOP('',(#527,#528,#529,#530));
#1029=EDGE_LOOP('',(#531,#532,#533,#534));
#1030=EDGE_LOOP('',(#535,#536,#537,#538));
#1031=EDGE_LOOP('',(#539,#540,#541,#542));
#1032=EDGE_LOOP('',(#543,#544,#545,#546));
#1033=EDGE_LOOP('',(#547,#548,#549));
#1034=EDGE_LOOP('',(#550,#551,#552,#553,#554,#555));
#1035=EDGE_LOOP('',(#556,#557,#558));
#1036=EDGE_LOOP('',(#559,#560,#561,#562));
#1037=EDGE_LOOP('',(#563,#564,#565,#566));
#1038=EDGE_LOOP('',(#567,#568,#569,#570));
#1039=EDGE_LOOP('',(#571,#572,#573,#574));
#1040=EDGE_LOOP('',(#575,#576,#577,#578));
#1041=EDGE_LOOP('',(#579,#580,#581,#582));
#1042=EDGE_LOOP('',(#583,#584,#585,#586));
#1043=EDGE_LOOP('',(#587,#588,#589,#590,#591));
#1044=EDGE_LOOP('',(#592,#593));
#1045=EDGE_LOOP('',(#594,#595));
#1046=FACE_BOUND('',#958,.T.);
#1047=FACE_BOUND('',#959,.T.);
#1048=FACE_BOUND('',#960,.T.);
#1049=FACE_BOUND('',#961,.T.);
#1050=FACE_BOUND('',#962,.T.);
#1051=FACE_BOUND('',#963,.T.);
#1052=FACE_BOUND('',#964,.T.);
#1053=FACE_BOUND('',#965,.T.);
#1054=FACE_BOUND('',#966,.T.);
#1055=FACE_BOUND('',#967,.T.);
#1056=FACE_BOUND('',#968,.T.);
#1057=FACE_BOUND('',#969,.T.);
#1058=FACE_BOUND('',#970,.T.);
#1059=FACE_BOUND('',#971,.T.);
#1060=FACE_BOUND('',#972,.T.);
#1061=FACE_BOUND('',#973,.T.);
#1062=FACE_BOUND('',#974,.T.);
#1063=FACE_BOUND('',#975,.T.);
#1064=FACE_BOUND('',#976,.T.);
#1065=FACE_BOUND('',#977,.T.);
#1066=FACE_BOUND('',#978,.T.);
#1067=FACE_BOUND('',#979,.T.);
#1068=FACE_BOUND('',#980,.T.);
#1069=FACE_BOUND('',#981,.T.);
#1070=FACE_BOUND('',#982,.T.);
#1071=FACE_BOUND('',#983,.T.);
#1072=FACE_BOUND('',#984,.T.);
#1073=FACE_BOUND('',#985,.T.);
#1074=FACE_BOUND('',#986,.T.);
#1075=FACE_BOUND('',#987,.T.);
#1076=FACE_BOUND('',#988,.T.);
#1077=FACE_BOUND('',#989,.T.);
#1078=FACE_BOUND('',#990,.T.);
#1079=FACE_BOUND('',#991,.T.);
#1080=FACE_BOUND('',#992,.T.);
#1081=FACE_BOUND('',#993,.T.);
#1082=FACE_BOUND('',#994,.T.);
#1083=FACE_BOUND('',#995,.T.);
#1084=FACE_BOUND('',#996,.T.);
#1085=FACE_BOUND('',#997,.T.);
#1086=FACE_BOUND('',#998,.T.);
#1087=FACE_BOUND('',#999,.T.);
#1088=FACE_BOUND('',#1000,.T.);
#1089=FACE_BOUND('',#1001,.T.);
#1090=FACE_BOUND('',#1002,.T.);
#1091=FACE_BOUND('',#1003,.T.);
#1092=FACE_BOUND('',#1004,.T.);
#1093=FACE_BOUND('',#1005,.T.);
#1094=FACE_BOUND('',#1006,.T.);
#1095=FACE_BOUND('',#1007,.T.);
#1096=FACE_BOUND('',#1008,.T.);
#1097=FACE_BOUND('',#1009,.T.);
#1098=FACE_BOUND('',#1010,.T.);
#1099=FACE_BOUND('',#1011,.T.);
#1100=FACE_BOUND('',#1012,.T.);
#1101=FACE_BOUND('',#1013,.T.);
#1102=FACE_BOUND('',#1014,.T.);
#1103=FACE_BOUND('',#1015,.T.);
#1104=FACE_BOUND('',#1016,.T.);
#1105=FACE_BOUND('',#1017,.T.);
#1106=FACE_BOUND('',#1018,.T.);
#1107=FACE_BOUND('',#1019,.T.);
#1108=FACE_BOUND('',#1020,.T.);
#1109=FACE_BOUND('',#1021,.T.);
#1110=FACE_BOUND('',#1022,.T.);
#1111=FACE_BOUND('',#1023,.T.);
#1112=FACE_BOUND('',#1024,.T.);
#1113=FACE_BOUND('',#1025,.T.);
#1114=FACE_BOUND('',#1026,.T.);
#1115=FACE_BOUND('',#1027,.T.);
#1116=FACE_BOUND('',#1028,.T.);
#1117=FACE_BOUND('',#1029,.T.);
#1118=FACE_BOUND('',#1030,.T.);
#1119=FACE_BOUND('',#1031,.T.);
#1120=FACE_BOUND('',#1032,.T.);
#1121=FACE_BOUND('',#1033,.T.);
#1122=FACE_BOUND('',#1034,.T.);
#1123=FACE_BOUND('',#1035,.T.);
#1124=FACE_BOUND('',#1036,.T.);
#1125=FACE_BOUND('',#1037,.T.);
#1126=FACE_BOUND('',#1038,.T.);
#1127=FACE_BOUND('',#1039,.T.);
#1128=FACE_BOUND('',#1040,.T.);
#1129=FACE_BOUND('',#1041,.T.);
#1130=FACE_BOUND('',#1042,.T.);
#1131=FACE_BOUND('',#1043,.T.);
#1132=FACE_BOUND('',#1044,.T.);
#1133=FACE_BOUND('',#1045,.T.);
#1134=PLANE('',#1784);
#1135=PLANE('',#1786);
#1136=PLANE('',#1791);
#1137=PLANE('',#1792);
#1138=PLANE('',#1793);
#1139=PLANE('',#1794);
#1140=PLANE('',#1807);
#1141=PLANE('',#1808);
#1142=PLANE('',#1809);
#1143=PLANE('',#1812);
#1144=PLANE('',#1813);
#1145=PLANE('',#1816);
#1146=PLANE('',#1817);
#1147=PLANE('',#1820);
#1148=PLANE('',#1823);
#1149=PLANE('',#1828);
#1150=PLANE('',#1843);
#1151=PLANE('',#1844);
#1152=PLANE('',#1845);
#1153=PLANE('',#1848);
#1154=PLANE('',#1849);
#1155=PLANE('',#1850);
#1156=PLANE('',#1851);
#1157=PLANE('',#1852);
#1158=PLANE('',#1853);
#1159=PLANE('',#1854);
#1160=PLANE('',#1855);
#1161=PLANE('',#1856);
#1162=PLANE('',#1857);
#1163=PLANE('',#1858);
#1164=PLANE('',#1859);
#1165=PLANE('',#1860);
#1166=PLANE('',#1861);
#1167=PLANE('',#1862);
#1168=PLANE('',#1863);
#1169=PLANE('',#1864);
#1170=PLANE('',#1865);
#1171=PLANE('',#1866);
#1172=PLANE('',#1867);
#1173=PLANE('',#1868);
#1174=PLANE('',#1869);
#1175=PLANE('',#1870);
#1176=PLANE('',#1871);
#1177=PLANE('',#1872);
#1178=PLANE('',#1873);
#1179=PLANE('',#1874);
#1180=PLANE('',#1875);
#1181=PLANE('',#1876);
#1182=PLANE('',#1877);
#1183=PLANE('',#1878);
#1184=STYLED_ITEM('',(#1258),#1705);
#1185=STYLED_ITEM('',(#1259),#1706);
#1186=STYLED_ITEM('',(#1260),#1707);
#1187=STYLED_ITEM('',(#1261),#1708);
#1188=STYLED_ITEM('',(#1262),#1709);
#1189=STYLED_ITEM('',(#1263),#1710);
#1190=STYLED_ITEM('',(#1264),#1711);
#1191=STYLED_ITEM('',(#1265),#1712);
#1192=STYLED_ITEM('',(#1266),#1713);
#1193=STYLED_ITEM('',(#1267),#1714);
#1194=STYLED_ITEM('',(#1268),#1715);
#1195=STYLED_ITEM('',(#1269),#1716);
#1196=STYLED_ITEM('',(#1270),#1717);
#1197=STYLED_ITEM('',(#1271),#1718);
#1198=STYLED_ITEM('',(#1272),#1719);
#1199=STYLED_ITEM('',(#1273),#1720);
#1200=STYLED_ITEM('',(#1274),#1721);
#1201=STYLED_ITEM('',(#1275),#1722);
#1202=STYLED_ITEM('',(#1276),#1723);
#1203=STYLED_ITEM('',(#1277),#1724);
#1204=STYLED_ITEM('',(#1278),#1725);
#1205=STYLED_ITEM('',(#1279),#1726);
#1206=STYLED_ITEM('',(#1280),#1727);
#1207=STYLED_ITEM('',(#1281),#1728);
#1208=STYLED_ITEM('',(#1282),#1729);
#1209=STYLED_ITEM('',(#1283),#1730);
#1210=STYLED_ITEM('',(#1284),#1731);
#1211=STYLED_ITEM('',(#1285),#1732);
#1212=STYLED_ITEM('',(#1286),#1733);
#1213=STYLED_ITEM('',(#1287),#1734);
#1214=STYLED_ITEM('',(#1288),#1735);
#1215=STYLED_ITEM('',(#1289),#1736);
#1216=STYLED_ITEM('',(#1290),#1737);
#1217=STYLED_ITEM('',(#1291),#1738);
#1218=STYLED_ITEM('',(#1292),#1739);
#1219=STYLED_ITEM('',(#1293),#1740);
#1220=STYLED_ITEM('',(#1294),#1741);
#1221=STYLED_ITEM('',(#1295),#1742);
#1222=STYLED_ITEM('',(#1296),#1743);
#1223=STYLED_ITEM('',(#1297),#1744);
#1224=STYLED_ITEM('',(#1298),#1745);
#1225=STYLED_ITEM('',(#1299),#1746);
#1226=STYLED_ITEM('',(#1300),#1747);
#1227=STYLED_ITEM('',(#1301),#1748);
#1228=STYLED_ITEM('',(#1302),#1749);
#1229=STYLED_ITEM('',(#1303),#1750);
#1230=STYLED_ITEM('',(#1304),#1751);
#1231=STYLED_ITEM('',(#1305),#1752);
#1232=STYLED_ITEM('',(#1306),#1753);
#1233=STYLED_ITEM('',(#1307),#1754);
#1234=STYLED_ITEM('',(#1308),#1755);
#1235=STYLED_ITEM('',(#1309),#1756);
#1236=STYLED_ITEM('',(#1310),#1757);
#1237=STYLED_ITEM('',(#1311),#1758);
#1238=STYLED_ITEM('',(#1312),#1759);
#1239=STYLED_ITEM('',(#1313),#1760);
#1240=STYLED_ITEM('',(#1314),#1761);
#1241=STYLED_ITEM('',(#1315),#1762);
#1242=STYLED_ITEM('',(#1316),#1763);
#1243=STYLED_ITEM('',(#1317),#1764);
#1244=STYLED_ITEM('',(#1318),#1765);
#1245=STYLED_ITEM('',(#1319),#1766);
#1246=STYLED_ITEM('',(#1320),#1767);
#1247=STYLED_ITEM('',(#1321),#1768);
#1248=STYLED_ITEM('',(#1322),#1769);
#1249=STYLED_ITEM('',(#1323),#1770);
#1250=STYLED_ITEM('',(#1324),#1771);
#1251=STYLED_ITEM('',(#1325),#1772);
#1252=STYLED_ITEM('',(#1326),#1773);
#1253=STYLED_ITEM('',(#1327),#1774);
#1254=STYLED_ITEM('',(#1328),#1775);
#1255=STYLED_ITEM('',(#1329),#1776);
#1256=STYLED_ITEM('',(#1330),#1777);
#1257=STYLED_ITEM('',(#1331),#1778);
#1258=PRESENTATION_STYLE_ASSIGNMENT((#1332));
#1259=PRESENTATION_STYLE_ASSIGNMENT((#1333));
#1260=PRESENTATION_STYLE_ASSIGNMENT((#1334));
#1261=PRESENTATION_STYLE_ASSIGNMENT((#1335));
#1262=PRESENTATION_STYLE_ASSIGNMENT((#1336));
#1263=PRESENTATION_STYLE_ASSIGNMENT((#1337));
#1264=PRESENTATION_STYLE_ASSIGNMENT((#1338));
#1265=PRESENTATION_STYLE_ASSIGNMENT((#1339));
#1266=PRESENTATION_STYLE_ASSIGNMENT((#1340));
#1267=PRESENTATION_STYLE_ASSIGNMENT((#1341));
#1268=PRESENTATION_STYLE_ASSIGNMENT((#1342));
#1269=PRESENTATION_STYLE_ASSIGNMENT((#1343));
#1270=PRESENTATION_STYLE_ASSIGNMENT((#1344));
#1271=PRESENTATION_STYLE_ASSIGNMENT((#1345));
#1272=PRESENTATION_STYLE_ASSIGNMENT((#1346));
#1273=PRESENTATION_STYLE_ASSIGNMENT((#1347));
#1274=PRESENTATION_STYLE_ASSIGNMENT((#1348));
#1275=PRESENTATION_STYLE_ASSIGNMENT((#1349));
#1276=PRESENTATION_STYLE_ASSIGNMENT((#1350));
#1277=PRESENTATION_STYLE_ASSIGNMENT((#1351));
#1278=PRESENTATION_STYLE_ASSIGNMENT((#1352));
#1279=PRESENTATION_STYLE_ASSIGNMENT((#1353));
#1280=PRESENTATION_STYLE_ASSIGNMENT((#1354));
#1281=PRESENTATION_STYLE_ASSIGNMENT((#1355));
#1282=PRESENTATION_STYLE_ASSIGNMENT((#1356));
#1283=PRESENTATION_STYLE_ASSIGNMENT((#1357));
#1284=PRESENTATION_STYLE_ASSIGNMENT((#1358));
#1285=PRESENTATION_STYLE_ASSIGNMENT((#1359));
#1286=PRESENTATION_STYLE_ASSIGNMENT((#1360));
#1287=PRESENTATION_STYLE_ASSIGNMENT((#1361));
#1288=PRESENTATION_STYLE_ASSIGNMENT((#1362));
#1289=PRESENTATION_STYLE_ASSIGNMENT((#1363));
#1290=PRESENTATION_STYLE_ASSIGNMENT((#1364));
#1291=PRESENTATION_STYLE_ASSIGNMENT((#1365));
#1292=PRESENTATION_STYLE_ASSIGNMENT((#1366));
#1293=PRESENTATION_STYLE_ASSIGNMENT((#1367));
#1294=PRESENTATION_STYLE_ASSIGNMENT((#1368));
#1295=PRESENTATION_STYLE_ASSIGNMENT((#1369));
#1296=PRESENTATION_STYLE_ASSIGNMENT((#1370));
#1297=PRESENTATION_STYLE_ASSIGNMENT((#1371));
#1298=PRESENTATION_STYLE_ASSIGNMENT((#1372));
#1299=PRESENTATION_STYLE_ASSIGNMENT((#1373));
#1300=PRESENTATION_STYLE_ASSIGNMENT((#1374));
#1301=PRESENTATION_STYLE_ASSIGNMENT((#1375));
#1302=PRESENTATION_STYLE_ASSIGNMENT((#1376));
#1303=PRESENTATION_STYLE_ASSIGNMENT((#1377));
#1304=PRESENTATION_STYLE_ASSIGNMENT((#1378));
#1305=PRESENTATION_STYLE_ASSIGNMENT((#1379));
#1306=PRESENTATION_STYLE_ASSIGNMENT((#1380));
#1307=PRESENTATION_STYLE_ASSIGNMENT((#1381));
#1308=PRESENTATION_STYLE_ASSIGNMENT((#1382));
#1309=PRESENTATION_STYLE_ASSIGNMENT((#1383));
#1310=PRESENTATION_STYLE_ASSIGNMENT((#1384));
#1311=PRESENTATION_STYLE_ASSIGNMENT((#1385));
#1312=PRESENTATION_STYLE_ASSIGNMENT((#1386));
#1313=PRESENTATION_STYLE_ASSIGNMENT((#1387));
#1314=PRESENTATION_STYLE_ASSIGNMENT((#1388));
#1315=PRESENTATION_STYLE_ASSIGNMENT((#1389));
#1316=PRESENTATION_STYLE_ASSIGNMENT((#1390));
#1317=PRESENTATION_STYLE_ASSIGNMENT((#1391));
#1318=PRESENTATION_STYLE_ASSIGNMENT((#1392));
#1319=PRESENTATION_STYLE_ASSIGNMENT((#1393));
#1320=PRESENTATION_STYLE_ASSIGNMENT((#1394));
#1321=PRESENTATION_STYLE_ASSIGNMENT((#1395));
#1322=PRESENTATION_STYLE_ASSIGNMENT((#1396));
#1323=PRESENTATION_STYLE_ASSIGNMENT((#1397));
#1324=PRESENTATION_STYLE_ASSIGNMENT((#1398));
#1325=PRESENTATION_STYLE_ASSIGNMENT((#1399));
#1326=PRESENTATION_STYLE_ASSIGNMENT((#1400));
#1327=PRESENTATION_STYLE_ASSIGNMENT((#1401));
#1328=PRESENTATION_STYLE_ASSIGNMENT((#1402));
#1329=PRESENTATION_STYLE_ASSIGNMENT((#1403));
#1330=PRESENTATION_STYLE_ASSIGNMENT((#1404));
#1331=PRESENTATION_STYLE_ASSIGNMENT((#1405));
#1332=SURFACE_STYLE_USAGE(.BOTH.,#1406);
#1333=SURFACE_STYLE_USAGE(.BOTH.,#1407);
#1334=SURFACE_STYLE_USAGE(.BOTH.,#1408);
#1335=SURFACE_STYLE_USAGE(.BOTH.,#1409);
#1336=SURFACE_STYLE_USAGE(.BOTH.,#1410);
#1337=SURFACE_STYLE_USAGE(.BOTH.,#1411);
#1338=SURFACE_STYLE_USAGE(.BOTH.,#1412);
#1339=SURFACE_STYLE_USAGE(.BOTH.,#1413);
#1340=SURFACE_STYLE_USAGE(.BOTH.,#1414);
#1341=SURFACE_STYLE_USAGE(.BOTH.,#1415);
#1342=SURFACE_STYLE_USAGE(.BOTH.,#1416);
#1343=SURFACE_STYLE_USAGE(.BOTH.,#1417);
#1344=SURFACE_STYLE_USAGE(.BOTH.,#1418);
#1345=SURFACE_STYLE_USAGE(.BOTH.,#1419);
#1346=SURFACE_STYLE_USAGE(.BOTH.,#1420);
#1347=SURFACE_STYLE_USAGE(.BOTH.,#1421);
#1348=SURFACE_STYLE_USAGE(.BOTH.,#1422);
#1349=SURFACE_STYLE_USAGE(.BOTH.,#1423);
#1350=SURFACE_STYLE_USAGE(.BOTH.,#1424);
#1351=SURFACE_STYLE_USAGE(.BOTH.,#1425);
#1352=SURFACE_STYLE_USAGE(.BOTH.,#1426);
#1353=SURFACE_STYLE_USAGE(.BOTH.,#1427);
#1354=SURFACE_STYLE_USAGE(.BOTH.,#1428);
#1355=SURFACE_STYLE_USAGE(.BOTH.,#1429);
#1356=SURFACE_STYLE_USAGE(.BOTH.,#1430);
#1357=SURFACE_STYLE_USAGE(.BOTH.,#1431);
#1358=SURFACE_STYLE_USAGE(.BOTH.,#1432);
#1359=SURFACE_STYLE_USAGE(.BOTH.,#1433);
#1360=SURFACE_STYLE_USAGE(.BOTH.,#1434);
#1361=SURFACE_STYLE_USAGE(.BOTH.,#1435);
#1362=SURFACE_STYLE_USAGE(.BOTH.,#1436);
#1363=SURFACE_STYLE_USAGE(.BOTH.,#1437);
#1364=SURFACE_STYLE_USAGE(.BOTH.,#1438);
#1365=SURFACE_STYLE_USAGE(.BOTH.,#1439);
#1366=SURFACE_STYLE_USAGE(.BOTH.,#1440);
#1367=SURFACE_STYLE_USAGE(.BOTH.,#1441);
#1368=SURFACE_STYLE_USAGE(.BOTH.,#1442);
#1369=SURFACE_STYLE_USAGE(.BOTH.,#1443);
#1370=SURFACE_STYLE_USAGE(.BOTH.,#1444);
#1371=SURFACE_STYLE_USAGE(.BOTH.,#1445);
#1372=SURFACE_STYLE_USAGE(.BOTH.,#1446);
#1373=SURFACE_STYLE_USAGE(.BOTH.,#1447);
#1374=SURFACE_STYLE_USAGE(.BOTH.,#1448);
#1375=SURFACE_STYLE_USAGE(.BOTH.,#1449);
#1376=SURFACE_STYLE_USAGE(.BOTH.,#1450);
#1377=SURFACE_STYLE_USAGE(.BOTH.,#1451);
#1378=SURFACE_STYLE_USAGE(.BOTH.,#1452);
#1379=SURFACE_STYLE_USAGE(.BOTH.,#1453);
#1380=SURFACE_STYLE_USAGE(.BOTH.,#1454);
#1381=SURFACE_STYLE_USAGE(.BOTH.,#1455);
#1382=SURFACE_STYLE_USAGE(.BOTH.,#1456);
#1383=SURFACE_STYLE_USAGE(.BOTH.,#1457);
#1384=SURFACE_STYLE_USAGE(.BOTH.,#1458);
#1385=SURFACE_STYLE_USAGE(.BOTH.,#1459);
#1386=SURFACE_STYLE_USAGE(.BOTH.,#1460);
#1387=SURFACE_STYLE_USAGE(.BOTH.,#1461);
#1388=SURFACE_STYLE_USAGE(.BOTH.,#1462);
#1389=SURFACE_STYLE_USAGE(.BOTH.,#1463);
#1390=SURFACE_STYLE_USAGE(.BOTH.,#1464);
#1391=SURFACE_STYLE_USAGE(.BOTH.,#1465);
#1392=SURFACE_STYLE_USAGE(.BOTH.,#1466);
#1393=SURFACE_STYLE_USAGE(.BOTH.,#1467);
#1394=SURFACE_STYLE_USAGE(.BOTH.,#1468);
#1395=SURFACE_STYLE_USAGE(.BOTH.,#1469);
#1396=SURFACE_STYLE_USAGE(.BOTH.,#1470);
#1397=SURFACE_STYLE_USAGE(.BOTH.,#1471);
#1398=SURFACE_STYLE_USAGE(.BOTH.,#1472);
#1399=SURFACE_STYLE_USAGE(.BOTH.,#1473);
#1400=SURFACE_STYLE_USAGE(.BOTH.,#1474);
#1401=SURFACE_STYLE_USAGE(.BOTH.,#1475);
#1402=SURFACE_STYLE_USAGE(.BOTH.,#1476);
#1403=SURFACE_STYLE_USAGE(.BOTH.,#1477);
#1404=SURFACE_STYLE_USAGE(.BOTH.,#1478);
#1405=SURFACE_STYLE_USAGE(.BOTH.,#1479);
#1406=SURFACE_SIDE_STYLE('',(#1480));
#1407=SURFACE_SIDE_STYLE('',(#1481));
#1408=SURFACE_SIDE_STYLE('',(#1482));
#1409=SURFACE_SIDE_STYLE('',(#1483));
#1410=SURFACE_SIDE_STYLE('',(#1484));
#1411=SURFACE_SIDE_STYLE('',(#1485));
#1412=SURFACE_SIDE_STYLE('',(#1486));
#1413=SURFACE_SIDE_STYLE('',(#1487));
#1414=SURFACE_SIDE_STYLE('',(#1488));
#1415=SURFACE_SIDE_STYLE('',(#1489));
#1416=SURFACE_SIDE_STYLE('',(#1490));
#1417=SURFACE_SIDE_STYLE('',(#1491));
#1418=SURFACE_SIDE_STYLE('',(#1492));
#1419=SURFACE_SIDE_STYLE('',(#1493));
#1420=SURFACE_SIDE_STYLE('',(#1494));
#1421=SURFACE_SIDE_STYLE('',(#1495));
#1422=SURFACE_SIDE_STYLE('',(#1496));
#1423=SURFACE_SIDE_STYLE('',(#1497));
#1424=SURFACE_SIDE_STYLE('',(#1498));
#1425=SURFACE_SIDE_STYLE('',(#1499));
#1426=SURFACE_SIDE_STYLE('',(#1500));
#1427=SURFACE_SIDE_STYLE('',(#1501));
#1428=SURFACE_SIDE_STYLE('',(#1502));
#1429=SURFACE_SIDE_STYLE('',(#1503));
#1430=SURFACE_SIDE_STYLE('',(#1504));
#1431=SURFACE_SIDE_STYLE('',(#1505));
#1432=SURFACE_SIDE_STYLE('',(#1506));
#1433=SURFACE_SIDE_STYLE('',(#1507));
#1434=SURFACE_SIDE_STYLE('',(#1508));
#1435=SURFACE_SIDE_STYLE('',(#1509));
#1436=SURFACE_SIDE_STYLE('',(#1510));
#1437=SURFACE_SIDE_STYLE('',(#1511));
#1438=SURFACE_SIDE_STYLE('',(#1512));
#1439=SURFACE_SIDE_STYLE('',(#1513));
#1440=SURFACE_SIDE_STYLE('',(#1514));
#1441=SURFACE_SIDE_STYLE('',(#1515));
#1442=SURFACE_SIDE_STYLE('',(#1516));
#1443=SURFACE_SIDE_STYLE('',(#1517));
#1444=SURFACE_SIDE_STYLE('',(#1518));
#1445=SURFACE_SIDE_STYLE('',(#1519));
#1446=SURFACE_SIDE_STYLE('',(#1520));
#1447=SURFACE_SIDE_STYLE('',(#1521));
#1448=SURFACE_SIDE_STYLE('',(#1522));
#1449=SURFACE_SIDE_STYLE('',(#1523));
#1450=SURFACE_SIDE_STYLE('',(#1524));
#1451=SURFACE_SIDE_STYLE('',(#1525));
#1452=SURFACE_SIDE_STYLE('',(#1526));
#1453=SURFACE_SIDE_STYLE('',(#1527));
#1454=SURFACE_SIDE_STYLE('',(#1528));
#1455=SURFACE_SIDE_STYLE('',(#1529));
#1456=SURFACE_SIDE_STYLE('',(#1530));
#1457=SURFACE_SIDE_STYLE('',(#1531));
#1458=SURFACE_SIDE_STYLE('',(#1532));
#1459=SURFACE_SIDE_STYLE('',(#1533));
#1460=SURFACE_SIDE_STYLE('',(#1534));
#1461=SURFACE_SIDE_STYLE('',(#1535));
#1462=SURFACE_SIDE_STYLE('',(#1536));
#1463=SURFACE_SIDE_STYLE('',(#1537));
#1464=SURFACE_SIDE_STYLE('',(#1538));
#1465=SURFACE_SIDE_STYLE('',(#1539));
#1466=SURFACE_SIDE_STYLE('',(#1540));
#1467=SURFACE_SIDE_STYLE('',(#1541));
#1468=SURFACE_SIDE_STYLE('',(#1542));
#1469=SURFACE_SIDE_STYLE('',(#1543));
#1470=SURFACE_SIDE_STYLE('',(#1544));
#1471=SURFACE_SIDE_STYLE('',(#1545));
#1472=SURFACE_SIDE_STYLE('',(#1546));
#1473=SURFACE_SIDE_STYLE('',(#1547));
#1474=SURFACE_SIDE_STYLE('',(#1548));
#1475=SURFACE_SIDE_STYLE('',(#1549));
#1476=SURFACE_SIDE_STYLE('',(#1550));
#1477=SURFACE_SIDE_STYLE('',(#1551));
#1478=SURFACE_SIDE_STYLE('',(#1552));
#1479=SURFACE_SIDE_STYLE('',(#1553));
#1480=SURFACE_STYLE_FILL_AREA(#1554);
#1481=SURFACE_STYLE_FILL_AREA(#1555);
#1482=SURFACE_STYLE_FILL_AREA(#1556);
#1483=SURFACE_STYLE_FILL_AREA(#1557);
#1484=SURFACE_STYLE_FILL_AREA(#1558);
#1485=SURFACE_STYLE_FILL_AREA(#1559);
#1486=SURFACE_STYLE_FILL_AREA(#1560);
#1487=SURFACE_STYLE_FILL_AREA(#1561);
#1488=SURFACE_STYLE_FILL_AREA(#1562);
#1489=SURFACE_STYLE_FILL_AREA(#1563);
#1490=SURFACE_STYLE_FILL_AREA(#1564);
#1491=SURFACE_STYLE_FILL_AREA(#1565);
#1492=SURFACE_STYLE_FILL_AREA(#1566);
#1493=SURFACE_STYLE_FILL_AREA(#1567);
#1494=SURFACE_STYLE_FILL_AREA(#1568);
#1495=SURFACE_STYLE_FILL_AREA(#1569);
#1496=SURFACE_STYLE_FILL_AREA(#1570);
#1497=SURFACE_STYLE_FILL_AREA(#1571);
#1498=SURFACE_STYLE_FILL_AREA(#1572);
#1499=SURFACE_STYLE_FILL_AREA(#1573);
#1500=SURFACE_STYLE_FILL_AREA(#1574);
#1501=SURFACE_STYLE_FILL_AREA(#1575);
#1502=SURFACE_STYLE_FILL_AREA(#1576);
#1503=SURFACE_STYLE_FILL_AREA(#1577);
#1504=SURFACE_STYLE_FILL_AREA(#1578);
#1505=SURFACE_STYLE_FILL_AREA(#1579);
#1506=SURFACE_STYLE_FILL_AREA(#1580);
#1507=SURFACE_STYLE_FILL_AREA(#1581);
#1508=SURFACE_STYLE_FILL_AREA(#1582);
#1509=SURFACE_STYLE_FILL_AREA(#1583);
#1510=SURFACE_STYLE_FILL_AREA(#1584);
#1511=SURFACE_STYLE_FILL_AREA(#1585);
#1512=SURFACE_STYLE_FILL_AREA(#1586);
#1513=SURFACE_STYLE_FILL_AREA(#1587);
#1514=SURFACE_STYLE_FILL_AREA(#1588);
#1515=SURFACE_STYLE_FILL_AREA(#1589);
#1516=SURFACE_STYLE_FILL_AREA(#1590);
#1517=SURFACE_STYLE_FILL_AREA(#1591);
#1518=SURFACE_STYLE_FILL_AREA(#1592);
#1519=SURFACE_STYLE_FILL_AREA(#1593);
#1520=SURFACE_STYLE_FILL_AREA(#1594);
#1521=SURFACE_STYLE_FILL_AREA(#1595);
#1522=SURFACE_STYLE_FILL_AREA(#1596);
#1523=SURFACE_STYLE_FILL_AREA(#1597);
#1524=SURFACE_STYLE_FILL_AREA(#1598);
#1525=SURFACE_STYLE_FILL_AREA(#1599);
#1526=SURFACE_STYLE_FILL_AREA(#1600);
#1527=SURFACE_STYLE_FILL_AREA(#1601);
#1528=SURFACE_STYLE_FILL_AREA(#1602);
#1529=SURFACE_STYLE_FILL_AREA(#1603);
#1530=SURFACE_STYLE_FILL_AREA(#1604);
#1531=SURFACE_STYLE_FILL_AREA(#1605);
#1532=SURFACE_STYLE_FILL_AREA(#1606);
#1533=SURFACE_STYLE_FILL_AREA(#1607);
#1534=SURFACE_STYLE_FILL_AREA(#1608);
#1535=SURFACE_STYLE_FILL_AREA(#1609);
#1536=SURFACE_STYLE_FILL_AREA(#1610);
#1537=SURFACE_STYLE_FILL_AREA(#1611);
#1538=SURFACE_STYLE_FILL_AREA(#1612);
#1539=SURFACE_STYLE_FILL_AREA(#1613);
#1540=SURFACE_STYLE_FILL_AREA(#1614);
#1541=SURFACE_STYLE_FILL_AREA(#1615);
#1542=SURFACE_STYLE_FILL_AREA(#1616);
#1543=SURFACE_STYLE_FILL_AREA(#1617);
#1544=SURFACE_STYLE_FILL_AREA(#1618);
#1545=SURFACE_STYLE_FILL_AREA(#1619);
#1546=SURFACE_STYLE_FILL_AREA(#1620);
#1547=SURFACE_STYLE_FILL_AREA(#1621);
#1548=SURFACE_STYLE_FILL_AREA(#1622);
#1549=SURFACE_STYLE_FILL_AREA(#1623);
#1550=SURFACE_STYLE_FILL_AREA(#1624);
#1551=SURFACE_STYLE_FILL_AREA(#1625);
#1552=SURFACE_STYLE_FILL_AREA(#1626);
#1553=SURFACE_STYLE_FILL_AREA(#1627);
#1554=FILL_AREA_STYLE('',(#1628));
#1555=FILL_AREA_STYLE('',(#1629));
#1556=FILL_AREA_STYLE('',(#1630));
#1557=FILL_AREA_STYLE('',(#1631));
#1558=FILL_AREA_STYLE('',(#1632));
#1559=FILL_AREA_STYLE('',(#1633));
#1560=FILL_AREA_STYLE('',(#1634));
#1561=FILL_AREA_STYLE('',(#1635));
#1562=FILL_AREA_STYLE('',(#1636));
#1563=FILL_AREA_STYLE('',(#1637));
#1564=FILL_AREA_STYLE('',(#1638));
#1565=FILL_AREA_STYLE('',(#1639));
#1566=FILL_AREA_STYLE('',(#1640));
#1567=FILL_AREA_STYLE('',(#1641));
#1568=FILL_AREA_STYLE('',(#1642));
#1569=FILL_AREA_STYLE('',(#1643));
#1570=FILL_AREA_STYLE('',(#1644));
#1571=FILL_AREA_STYLE('',(#1645));
#1572=FILL_AREA_STYLE('',(#1646));
#1573=FILL_AREA_STYLE('',(#1647));
#1574=FILL_AREA_STYLE('',(#1648));
#1575=FILL_AREA_STYLE('',(#1649));
#1576=FILL_AREA_STYLE('',(#1650));
#1577=FILL_AREA_STYLE('',(#1651));
#1578=FILL_AREA_STYLE('',(#1652));
#1579=FILL_AREA_STYLE('',(#1653));
#1580=FILL_AREA_STYLE('',(#1654));
#1581=FILL_AREA_STYLE('',(#1655));
#1582=FILL_AREA_STYLE('',(#1656));
#1583=FILL_AREA_STYLE('',(#1657));
#1584=FILL_AREA_STYLE('',(#1658));
#1585=FILL_AREA_STYLE('',(#1659));
#1586=FILL_AREA_STYLE('',(#1660));
#1587=FILL_AREA_STYLE('',(#1661));
#1588=FILL_AREA_STYLE('',(#1662));
#1589=FILL_AREA_STYLE('',(#1663));
#1590=FILL_AREA_STYLE('',(#1664));
#1591=FILL_AREA_STYLE('',(#1665));
#1592=FILL_AREA_STYLE('',(#1666));
#1593=FILL_AREA_STYLE('',(#1667));
#1594=FILL_AREA_STYLE('',(#1668));
#1595=FILL_AREA_STYLE('',(#1669));
#1596=FILL_AREA_STYLE('',(#1670));
#1597=FILL_AREA_STYLE('',(#1671));
#1598=FILL_AREA_STYLE('',(#1672));
#1599=FILL_AREA_STYLE('',(#1673));
#1600=FILL_AREA_STYLE('',(#1674));
#1601=FILL_AREA_STYLE('',(#1675));
#1602=FILL_AREA_STYLE('',(#1676));
#1603=FILL_AREA_STYLE('',(#1677));
#1604=FILL_AREA_STYLE('',(#1678));
#1605=FILL_AREA_STYLE('',(#1679));
#1606=FILL_AREA_STYLE('',(#1680));
#1607=FILL_AREA_STYLE('',(#1681));
#1608=FILL_AREA_STYLE('',(#1682));
#1609=FILL_AREA_STYLE('',(#1683));
#1610=FILL_AREA_STYLE('',(#1684));
#1611=FILL_AREA_STYLE('',(#1685));
#1612=FILL_AREA_STYLE('',(#1686));
#1613=FILL_AREA_STYLE('',(#1687));
#1614=FILL_AREA_STYLE('',(#1688));
#1615=FILL_AREA_STYLE('',(#1689));
#1616=FILL_AREA_STYLE('',(#1690));
#1617=FILL_AREA_STYLE('',(#1691));
#1618=FILL_AREA_STYLE('',(#1692));
#1619=FILL_AREA_STYLE('',(#1693));
#1620=FILL_AREA_STYLE('',(#1694));
#1621=FILL_AREA_STYLE('',(#1695));
#1622=FILL_AREA_STYLE('',(#1696));
#1623=FILL_AREA_STYLE('',(#1697));
#1624=FILL_AREA_STYLE('',(#1698));
#1625=FILL_AREA_STYLE('',(#1699));
#1626=FILL_AREA_STYLE('',(#1700));
#1627=FILL_AREA_STYLE('',(#1701));
#1628=FILL_AREA_STYLE_COLOUR('',#1702);
#1629=FILL_AREA_STYLE_COLOUR('',#1702);
#1630=FILL_AREA_STYLE_COLOUR('',#1702);
#1631=FILL_AREA_STYLE_COLOUR('',#1702);
#1632=FILL_AREA_STYLE_COLOUR('',#1702);
#1633=FILL_AREA_STYLE_COLOUR('',#1702);
#1634=FILL_AREA_STYLE_COLOUR('',#1702);
#1635=FILL_AREA_STYLE_COLOUR('',#1702);
#1636=FILL_AREA_STYLE_COLOUR('',#1702);
#1637=FILL_AREA_STYLE_COLOUR('',#1702);
#1638=FILL_AREA_STYLE_COLOUR('',#1702);
#1639=FILL_AREA_STYLE_COLOUR('',#1703);
#1640=FILL_AREA_STYLE_COLOUR('',#1703);
#1641=FILL_AREA_STYLE_COLOUR('',#1703);
#1642=FILL_AREA_STYLE_COLOUR('',#1703);
#1643=FILL_AREA_STYLE_COLOUR('',#1703);
#1644=FILL_AREA_STYLE_COLOUR('',#1702);
#1645=FILL_AREA_STYLE_COLOUR('',#1702);
#1646=FILL_AREA_STYLE_COLOUR('',#1702);
#1647=FILL_AREA_STYLE_COLOUR('',#1703);
#1648=FILL_AREA_STYLE_COLOUR('',#1703);
#1649=FILL_AREA_STYLE_COLOUR('',#1703);
#1650=FILL_AREA_STYLE_COLOUR('',#1703);
#1651=FILL_AREA_STYLE_COLOUR('',#1702);
#1652=FILL_AREA_STYLE_COLOUR('',#1702);
#1653=FILL_AREA_STYLE_COLOUR('',#1702);
#1654=FILL_AREA_STYLE_COLOUR('',#1702);
#1655=FILL_AREA_STYLE_COLOUR('',#1702);
#1656=FILL_AREA_STYLE_COLOUR('',#1702);
#1657=FILL_AREA_STYLE_COLOUR('',#1702);
#1658=FILL_AREA_STYLE_COLOUR('',#1702);
#1659=FILL_AREA_STYLE_COLOUR('',#1704);
#1660=FILL_AREA_STYLE_COLOUR('',#1704);
#1661=FILL_AREA_STYLE_COLOUR('',#1704);
#1662=FILL_AREA_STYLE_COLOUR('',#1704);
#1663=FILL_AREA_STYLE_COLOUR('',#1704);
#1664=FILL_AREA_STYLE_COLOUR('',#1704);
#1665=FILL_AREA_STYLE_COLOUR('',#1704);
#1666=FILL_AREA_STYLE_COLOUR('',#1704);
#1667=FILL_AREA_STYLE_COLOUR('',#1704);
#1668=FILL_AREA_STYLE_COLOUR('',#1704);
#1669=FILL_AREA_STYLE_COLOUR('',#1704);
#1670=FILL_AREA_STYLE_COLOUR('',#1704);
#1671=FILL_AREA_STYLE_COLOUR('',#1704);
#1672=FILL_AREA_STYLE_COLOUR('',#1704);
#1673=FILL_AREA_STYLE_COLOUR('',#1704);
#1674=FILL_AREA_STYLE_COLOUR('',#1704);
#1675=FILL_AREA_STYLE_COLOUR('',#1704);
#1676=FILL_AREA_STYLE_COLOUR('',#1704);
#1677=FILL_AREA_STYLE_COLOUR('',#1704);
#1678=FILL_AREA_STYLE_COLOUR('',#1704);
#1679=FILL_AREA_STYLE_COLOUR('',#1704);
#1680=FILL_AREA_STYLE_COLOUR('',#1704);
#1681=FILL_AREA_STYLE_COLOUR('',#1702);
#1682=FILL_AREA_STYLE_COLOUR('',#1704);
#1683=FILL_AREA_STYLE_COLOUR('',#1704);
#1684=FILL_AREA_STYLE_COLOUR('',#1704);
#1685=FILL_AREA_STYLE_COLOUR('',#1704);
#1686=FILL_AREA_STYLE_COLOUR('',#1704);
#1687=FILL_AREA_STYLE_COLOUR('',#1704);
#1688=FILL_AREA_STYLE_COLOUR('',#1704);
#1689=FILL_AREA_STYLE_COLOUR('',#1704);
#1690=FILL_AREA_STYLE_COLOUR('',#1704);
#1691=FILL_AREA_STYLE_COLOUR('',#1704);
#1692=FILL_AREA_STYLE_COLOUR('',#1702);
#1693=FILL_AREA_STYLE_COLOUR('',#1704);
#1694=FILL_AREA_STYLE_COLOUR('',#1704);
#1695=FILL_AREA_STYLE_COLOUR('',#1704);
#1696=FILL_AREA_STYLE_COLOUR('',#1704);
#1697=FILL_AREA_STYLE_COLOUR('',#1704);
#1698=FILL_AREA_STYLE_COLOUR('',#1704);
#1699=FILL_AREA_STYLE_COLOUR('',#1704);
#1700=FILL_AREA_STYLE_COLOUR('',#1704);
#1701=FILL_AREA_STYLE_COLOUR('',#1702);
#1702=COLOUR_RGB('',0.569999992847443,0.569999992847443,0.569999992847443);
#1703=COLOUR_RGB('',0.699999988079071,0.699999988079071,0.699999988079071);
#1704=COLOUR_RGB('',0.119999997317791,0.119999997317791,0.119999997317791);
#1705=ADVANCED_FACE('',(#1046,#1047,#1048,#1049,#1050,#1051,#1052),#1134,
 .F.);
#1706=ADVANCED_FACE('',(#1053),#1135,.T.);
#1707=ADVANCED_FACE('',(#1054),#1136,.T.);
#1708=ADVANCED_FACE('',(#1055),#1137,.T.);
#1709=ADVANCED_FACE('',(#1056),#1138,.T.);
#1710=ADVANCED_FACE('',(#1057),#1139,.T.);
#1711=ADVANCED_FACE('',(#1058),#31,.T.);
#1712=ADVANCED_FACE('',(#1059),#32,.T.);
#1713=ADVANCED_FACE('',(#1060),#33,.T.);
#1714=ADVANCED_FACE('',(#1061),#34,.T.);
#1715=ADVANCED_FACE('',(#1062,#1063,#1064),#1140,.T.);
#1716=ADVANCED_FACE('',(#1065),#1141,.F.);
#1717=ADVANCED_FACE('',(#1066),#1142,.F.);
#1718=ADVANCED_FACE('',(#1067),#1143,.F.);
#1719=ADVANCED_FACE('',(#1068),#1144,.F.);
#1720=ADVANCED_FACE('',(#1069),#1145,.F.);
#1721=ADVANCED_FACE('',(#1070),#1146,.F.);
#1722=ADVANCED_FACE('',(#1071),#1147,.F.);
#1723=ADVANCED_FACE('',(#1072),#1148,.T.);
#1724=ADVANCED_FACE('',(#1073),#35,.T.);
#1725=ADVANCED_FACE('',(#1074),#36,.T.);
#1726=ADVANCED_FACE('',(#1075),#37,.T.);
#1727=ADVANCED_FACE('',(#1076),#38,.T.);
#1728=ADVANCED_FACE('',(#1077,#1078),#1149,.T.);
#1729=ADVANCED_FACE('',(#1079),#39,.T.);
#1730=ADVANCED_FACE('',(#1080),#40,.T.);
#1731=ADVANCED_FACE('',(#1081),#41,.T.);
#1732=ADVANCED_FACE('',(#1082),#42,.T.);
#1733=ADVANCED_FACE('',(#1083),#1150,.T.);
#1734=ADVANCED_FACE('',(#1084),#1151,.T.);
#1735=ADVANCED_FACE('',(#1085),#1152,.T.);
#1736=ADVANCED_FACE('',(#1086),#43,.F.);
#1737=ADVANCED_FACE('',(#1087),#1153,.F.);
#1738=ADVANCED_FACE('',(#1088),#1154,.T.);
#1739=ADVANCED_FACE('',(#1089),#1155,.T.);
#1740=ADVANCED_FACE('',(#1090),#1156,.T.);
#1741=ADVANCED_FACE('',(#1091),#1157,.T.);
#1742=ADVANCED_FACE('',(#1092),#1158,.T.);
#1743=ADVANCED_FACE('',(#1093),#1159,.T.);
#1744=ADVANCED_FACE('',(#1094),#1160,.T.);
#1745=ADVANCED_FACE('',(#1095),#1161,.T.);
#1746=ADVANCED_FACE('',(#1096),#1162,.T.);
#1747=ADVANCED_FACE('',(#1097),#1163,.T.);
#1748=ADVANCED_FACE('',(#1098),#1164,.T.);
#1749=ADVANCED_FACE('',(#1099),#1165,.T.);
#1750=ADVANCED_FACE('',(#1100),#1166,.T.);
#1751=ADVANCED_FACE('',(#1101),#20,.T.);
#1752=ADVANCED_FACE('',(#1102),#1167,.T.);
#1753=ADVANCED_FACE('',(#1103),#21,.T.);
#1754=ADVANCED_FACE('',(#1104),#1168,.T.);
#1755=ADVANCED_FACE('',(#1105,#1106),#22,.T.);
#1756=ADVANCED_FACE('',(#1107,#1108),#23,.T.);
#1757=ADVANCED_FACE('',(#1109,#1110),#1169,.T.);
#1758=ADVANCED_FACE('',(#1111),#1170,.F.);
#1759=ADVANCED_FACE('',(#1112),#1171,.T.);
#1760=ADVANCED_FACE('',(#1113),#1172,.T.);
#1761=ADVANCED_FACE('',(#1114),#1173,.T.);
#1762=ADVANCED_FACE('',(#1115),#1174,.T.);
#1763=ADVANCED_FACE('',(#1116),#24,.T.);
#1764=ADVANCED_FACE('',(#1117),#1175,.T.);
#1765=ADVANCED_FACE('',(#1118),#25,.T.);
#1766=ADVANCED_FACE('',(#1119),#26,.T.);
#1767=ADVANCED_FACE('',(#1120),#1176,.T.);
#1768=ADVANCED_FACE('',(#1121,#1122),#1177,.T.);
#1769=ADVANCED_FACE('',(#1123),#1178,.F.);
#1770=ADVANCED_FACE('',(#1124),#27,.T.);
#1771=ADVANCED_FACE('',(#1125),#28,.T.);
#1772=ADVANCED_FACE('',(#1126),#29,.T.);
#1773=ADVANCED_FACE('',(#1127),#1179,.T.);
#1774=ADVANCED_FACE('',(#1128),#30,.T.);
#1775=ADVANCED_FACE('',(#1129),#1180,.T.);
#1776=ADVANCED_FACE('',(#1130),#1181,.T.);
#1777=ADVANCED_FACE('',(#1131,#1132),#1182,.F.);
#1778=ADVANCED_FACE('',(#1133),#1183,.F.);
#1779=CLOSED_SHELL('',(#1705,#1706,#1707,#1708,#1709,#1710,#1711,#1712,
#1713,#1714,#1715,#1716,#1717,#1718,#1719,#1720,#1721,#1722,#1723,#1724,
#1725,#1726,#1727,#1728,#1729,#1730,#1731,#1732,#1733,#1734,#1735,#1736,
#1737,#1738,#1739,#1740,#1741,#1742,#1743,#1744,#1745,#1746,#1747,#1748,
#1749,#1750,#1751,#1752,#1753,#1754,#1755,#1756,#1757,#1758,#1759,#1760,
#1761,#1762,#1763,#1764,#1765,#1766,#1767,#1768,#1769,#1770,#1771,#1772,
#1773,#1774,#1775,#1776,#1777,#1778));
#1780=MANIFOLD_SOLID_BREP('',#1779);
#1781=SHAPE_DEFINITION_REPRESENTATION(#3147,#1782);
#1782=SHAPE_REPRESENTATION('74439358xxx',(#1783),#3142);
#1783=AXIS2_PLACEMENT_3D('',#2153,#1879,#1880);
#1784=AXIS2_PLACEMENT_3D('',#2154,#1881,#1882);
#1785=AXIS2_PLACEMENT_3D('',#2277,#1883,#1884);
#1786=AXIS2_PLACEMENT_3D('',#2370,#1890,#1891);
#1787=AXIS2_PLACEMENT_3D('',#2371,#1892,#1893);
#1788=AXIS2_PLACEMENT_3D('',#2375,#1895,#1896);
#1789=AXIS2_PLACEMENT_3D('',#2378,#1898,#1899);
#1790=AXIS2_PLACEMENT_3D('',#2382,#1901,#1902);
#1791=AXIS2_PLACEMENT_3D('',#2385,#1904,#1905);
#1792=AXIS2_PLACEMENT_3D('',#2394,#1910,#1911);
#1793=AXIS2_PLACEMENT_3D('',#2403,#1916,#1917);
#1794=AXIS2_PLACEMENT_3D('',#2412,#1922,#1923);
#1795=AXIS2_PLACEMENT_3D('',#2421,#1928,#1929);
#1796=AXIS2_PLACEMENT_3D('',#2422,#1930,#1931);
#1797=AXIS2_PLACEMENT_3D('',#2423,#1932,#1933);
#1798=AXIS2_PLACEMENT_3D('',#2424,#1934,#1935);
#1799=AXIS2_PLACEMENT_3D('',#2425,#1936,#1937);
#1800=AXIS2_PLACEMENT_3D('',#2426,#1938,#1939);
#1801=AXIS2_PLACEMENT_3D('',#2427,#1940,#1941);
#1802=AXIS2_PLACEMENT_3D('',#2428,#1942,#1943);
#1803=AXIS2_PLACEMENT_3D('',#2429,#1944,#1945);
#1804=AXIS2_PLACEMENT_3D('',#2430,#1946,#1947);
#1805=AXIS2_PLACEMENT_3D('',#2431,#1948,#1949);
#1806=AXIS2_PLACEMENT_3D('',#2432,#1950,#1951);
#1807=AXIS2_PLACEMENT_3D('',#2433,#1952,#1953);
#1808=AXIS2_PLACEMENT_3D('',#2450,#1962,#1963);
#1809=AXIS2_PLACEMENT_3D('',#2456,#1967,#1968);
#1810=AXIS2_PLACEMENT_3D('',#2460,#1970,#1971);
#1811=AXIS2_PLACEMENT_3D('',#2463,#1973,#1974);
#1812=AXIS2_PLACEMENT_3D('',#2464,#1975,#1976);
#1813=AXIS2_PLACEMENT_3D('',#2468,#1979,#1980);
#1814=AXIS2_PLACEMENT_3D('',#2469,#1981,#1982);
#1815=AXIS2_PLACEMENT_3D('',#2473,#1984,#1985);
#1816=AXIS2_PLACEMENT_3D('',#2474,#1986,#1987);
#1817=AXIS2_PLACEMENT_3D('',#2477,#1990,#1991);
#1818=AXIS2_PLACEMENT_3D('',#2481,#1993,#1994);
#1819=AXIS2_PLACEMENT_3D('',#2482,#1995,#1996);
#1820=AXIS2_PLACEMENT_3D('',#2483,#1997,#1998);
#1821=AXIS2_PLACEMENT_3D('',#2484,#1999,#2000);
#1822=AXIS2_PLACEMENT_3D('',#2488,#2002,#2003);
#1823=AXIS2_PLACEMENT_3D('',#2489,#2004,#2005);
#1824=AXIS2_PLACEMENT_3D('',#2492,#2008,#2009);
#1825=AXIS2_PLACEMENT_3D('',#2493,#2010,#2011);
#1826=AXIS2_PLACEMENT_3D('',#2494,#2012,#2013);
#1827=AXIS2_PLACEMENT_3D('',#2495,#2014,#2015);
#1828=AXIS2_PLACEMENT_3D('',#2496,#2016,#2017);
#1829=AXIS2_PLACEMENT_3D('',#2500,#2019,#2020);
#1830=AXIS2_PLACEMENT_3D('',#2504,#2022,#2023);
#1831=AXIS2_PLACEMENT_3D('',#2508,#2025,#2026);
#1832=AXIS2_PLACEMENT_3D('',#2509,#2027,#2028);
#1833=AXIS2_PLACEMENT_3D('',#2510,#2029,#2030);
#1834=AXIS2_PLACEMENT_3D('',#2511,#2031,#2032);
#1835=AXIS2_PLACEMENT_3D('',#2513,#2033,#2034);
#1836=AXIS2_PLACEMENT_3D('',#2514,#2035,#2036);
#1837=AXIS2_PLACEMENT_3D('',#2515,#2037,#2038);
#1838=AXIS2_PLACEMENT_3D('',#2516,#2039,#2040);
#1839=AXIS2_PLACEMENT_3D('',#2517,#2041,#2042);
#1840=AXIS2_PLACEMENT_3D('',#2518,#2043,#2044);
#1841=AXIS2_PLACEMENT_3D('',#2519,#2045,#2046);
#1842=AXIS2_PLACEMENT_3D('',#2521,#2047,#2048);
#1843=AXIS2_PLACEMENT_3D('',#2522,#2049,#2050);
#1844=AXIS2_PLACEMENT_3D('',#2524,#2052,#2053);
#1845=AXIS2_PLACEMENT_3D('',#2526,#2055,#2056);
#1846=AXIS2_PLACEMENT_3D('',#2527,#2057,#2058);
#1847=AXIS2_PLACEMENT_3D('',#2528,#2059,#2060);
#1848=AXIS2_PLACEMENT_3D('',#2529,#2061,#2062);
#1849=AXIS2_PLACEMENT_3D('',#2530,#2063,#2064);
#1850=AXIS2_PLACEMENT_3D('',#2537,#2067,#2068);
#1851=AXIS2_PLACEMENT_3D('',#2542,#2070,#2071);
#1852=AXIS2_PLACEMENT_3D('',#2547,#2073,#2074);
#1853=AXIS2_PLACEMENT_3D('',#2552,#2076,#2077);
#1854=AXIS2_PLACEMENT_3D('',#2557,#2079,#2080);
#1855=AXIS2_PLACEMENT_3D('',#2560,#2081,#2082);
#1856=AXIS2_PLACEMENT_3D('',#2561,#2083,#2084);
#1857=AXIS2_PLACEMENT_3D('',#2568,#2087,#2088);
#1858=AXIS2_PLACEMENT_3D('',#2573,#2090,#2091);
#1859=AXIS2_PLACEMENT_3D('',#2578,#2093,#2094);
#1860=AXIS2_PLACEMENT_3D('',#2581,#2095,#2096);
#1861=AXIS2_PLACEMENT_3D('',#2582,#2097,#2098);
#1862=AXIS2_PLACEMENT_3D('',#2646,#2102,#2103);
#1863=AXIS2_PLACEMENT_3D('',#2697,#2105,#2106);
#1864=AXIS2_PLACEMENT_3D('',#2827,#2107,#2108);
#1865=AXIS2_PLACEMENT_3D('',#2828,#2109,#2110);
#1866=AXIS2_PLACEMENT_3D('',#2829,#2111,#2112);
#1867=AXIS2_PLACEMENT_3D('',#2838,#2115,#2116);
#1868=AXIS2_PLACEMENT_3D('',#2845,#2118,#2119);
#1869=AXIS2_PLACEMENT_3D('',#2852,#2121,#2122);
#1870=AXIS2_PLACEMENT_3D('',#2900,#2125,#2126);
#1871=AXIS2_PLACEMENT_3D('',#2992,#2130,#2131);
#1872=AXIS2_PLACEMENT_3D('',#2997,#2132,#2133);
#1873=AXIS2_PLACEMENT_3D('',#2998,#2134,#2135);
#1874=AXIS2_PLACEMENT_3D('',#3076,#2141,#2142);
#1875=AXIS2_PLACEMENT_3D('',#3125,#2145,#2146);
#1876=AXIS2_PLACEMENT_3D('',#3130,#2147,#2148);
#1877=AXIS2_PLACEMENT_3D('',#3139,#2149,#2150);
#1878=AXIS2_PLACEMENT_3D('',#3140,#2151,#2152);
#1879=DIRECTION('',(0.,0.,1.));
#1880=DIRECTION('',(1.,0.,0.));
#1881=DIRECTION('',(0.,0.,-1.));
#1882=DIRECTION('',(-1.,0.,0.));
#1883=DIRECTION('',(0.,0.,-1.));
#1884=DIRECTION('',(1.,0.,0.));
#1885=DIRECTION('',(1.18816676436768E-16,-1.,0.));
#1886=DIRECTION('',(1.,0.,0.));
#1887=DIRECTION('',(0.,1.,0.));
#1888=DIRECTION('',(-1.,-2.22400445638052E-16,0.));
#1889=DIRECTION('',(1.18816676436768E-16,-1.,0.));
#1890=DIRECTION('',(-0.707106781186547,-8.40160776264863E-17,0.707106781186547));
#1891=DIRECTION('',(-1.18816676436768E-16,1.,0.));
#1892=DIRECTION('',(-0.707106781186547,-8.40160776264863E-17,0.707106781186547));
#1893=DIRECTION('',(0.707106781186548,8.40160776264863E-17,0.707106781186548));
#1894=DIRECTION('',(1.18816676436768E-16,-1.,0.));
#1895=DIRECTION('',(-0.707106781186547,-8.40160776264863E-17,0.707106781186547));
#1896=DIRECTION('',(0.707106781186548,8.40160776264863E-17,0.707106781186548));
#1897=DIRECTION('',(-0.577350269189626,0.577350269189626,-0.577350269189626));
#1898=DIRECTION('',(-0.707106781186547,-8.40160776264863E-17,0.707106781186547));
#1899=DIRECTION('',(0.707106781186548,8.40160776264863E-17,0.707106781186548));
#1900=DIRECTION('',(1.18816676436768E-16,-1.,0.));
#1901=DIRECTION('',(-0.707106781186547,-8.40160776264863E-17,0.707106781186547));
#1902=DIRECTION('',(0.707106781186548,8.40160776264863E-17,0.707106781186548));
#1903=DIRECTION('',(-0.577350269189626,-0.577350269189626,-0.577350269189626));
#1904=DIRECTION('',(1.,1.0450141421547E-16,0.));
#1905=DIRECTION('',(-1.0450141421547E-16,1.,0.));
#1906=DIRECTION('',(0.,0.,-1.));
#1907=DIRECTION('',(0.,1.,0.));
#1908=DIRECTION('',(0.,0.,-1.));
#1909=DIRECTION('',(1.0450141421547E-16,-1.,0.));
#1910=DIRECTION('',(9.85638338623186E-17,-1.,0.));
#1911=DIRECTION('',(1.,9.85638338623186E-17,0.));
#1912=DIRECTION('',(0.,0.,-1.));
#1913=DIRECTION('',(1.,0.,0.));
#1914=DIRECTION('',(0.,0.,-1.));
#1915=DIRECTION('',(-1.,-9.85638338623186E-17,0.));
#1916=DIRECTION('',(-1.,-1.0450141421547E-16,0.));
#1917=DIRECTION('',(1.0450141421547E-16,-1.,0.));
#1918=DIRECTION('',(0.,0.,-1.));
#1919=DIRECTION('',(1.0450141421547E-16,-1.,0.));
#1920=DIRECTION('',(0.,0.,-1.));
#1921=DIRECTION('',(-1.0450141421547E-16,1.,0.));
#1922=DIRECTION('',(-2.95691501586956E-16,1.,0.));
#1923=DIRECTION('',(-1.,-2.95691501586956E-16,0.));
#1924=DIRECTION('',(0.,0.,-1.));
#1925=DIRECTION('',(-1.,0.,0.));
#1926=DIRECTION('',(0.,0.,-1.));
#1927=DIRECTION('',(1.,2.95691501586956E-16,0.));
#1928=DIRECTION('',(0.,0.,-1.));
#1929=DIRECTION('',(-1.,0.,0.));
#1930=DIRECTION('',(0.,0.,1.));
#1931=DIRECTION('',(1.,0.,0.));
#1932=DIRECTION('',(0.,0.,-1.));
#1933=DIRECTION('',(-1.,0.,0.));
#1934=DIRECTION('',(0.,0.,-1.));
#1935=DIRECTION('',(-1.,0.,0.));
#1936=DIRECTION('',(0.,0.,1.));
#1937=DIRECTION('',(1.,0.,0.));
#1938=DIRECTION('',(0.,0.,-1.));
#1939=DIRECTION('',(-1.,0.,0.));
#1940=DIRECTION('',(0.,0.,-1.));
#1941=DIRECTION('',(-1.,0.,0.));
#1942=DIRECTION('',(0.,0.,1.));
#1943=DIRECTION('',(1.,0.,0.));
#1944=DIRECTION('',(0.,0.,-1.));
#1945=DIRECTION('',(-1.,0.,0.));
#1946=DIRECTION('',(0.,0.,-1.));
#1947=DIRECTION('',(-1.,0.,0.));
#1948=DIRECTION('',(0.,0.,1.));
#1949=DIRECTION('',(1.,0.,0.));
#1950=DIRECTION('',(0.,0.,-1.));
#1951=DIRECTION('',(-1.,0.,0.));
#1952=DIRECTION('',(0.,0.,-1.));
#1953=DIRECTION('',(-1.,0.,0.));
#1954=DIRECTION('',(-1.,0.,0.));
#1955=DIRECTION('',(-3.09772049281573E-16,-1.,0.));
#1956=DIRECTION('',(1.,0.,0.));
#1957=DIRECTION('',(-3.09772049281573E-16,1.,0.));
#1958=DIRECTION('',(1.,0.,0.));
#1959=DIRECTION('',(-3.09772049281573E-16,1.,0.));
#1960=DIRECTION('',(-1.,0.,0.));
#1961=DIRECTION('',(-3.09772049281573E-16,-1.,0.));
#1962=DIRECTION('',(1.,-3.09772049281573E-16,0.));
#1963=DIRECTION('',(3.09772049281573E-16,1.,0.));
#1964=DIRECTION('',(0.,0.,-1.));
#1965=DIRECTION('',(-3.09772049281573E-16,-1.,0.));
#1966=DIRECTION('',(0.,0.,-1.));
#1967=DIRECTION('',(0.,1.,0.));
#1968=DIRECTION('',(0.,0.,1.));
#1969=DIRECTION('',(1.,0.,0.));
#1970=DIRECTION('',(0.,1.,0.));
#1971=DIRECTION('',(0.,0.,1.));
#1972=DIRECTION('',(0.,0.,-1.));
#1973=DIRECTION('',(0.,1.,0.));
#1974=DIRECTION('',(0.,0.,1.));
#1975=DIRECTION('',(-1.,-3.09772049281573E-16,0.));
#1976=DIRECTION('',(3.09772049281573E-16,-1.,0.));
#1977=DIRECTION('',(-3.09772049281573E-16,1.,0.));
#1978=DIRECTION('',(0.,0.,-1.));
#1979=DIRECTION('',(0.,-1.,0.));
#1980=DIRECTION('',(0.,0.,-1.));
#1981=DIRECTION('',(0.,-1.,0.));
#1982=DIRECTION('',(0.,0.,-1.));
#1983=DIRECTION('',(-1.,0.,0.));
#1984=DIRECTION('',(0.,-1.,0.));
#1985=DIRECTION('',(0.,0.,-1.));
#1986=DIRECTION('',(0.,0.,1.));
#1987=DIRECTION('',(1.,0.,0.));
#1988=DIRECTION('',(-3.09772049281573E-16,1.,0.));
#1989=DIRECTION('',(-3.09772049281573E-16,-1.,0.));
#1990=DIRECTION('',(0.,-1.,0.));
#1991=DIRECTION('',(0.,0.,-1.));
#1992=DIRECTION('',(1.,0.,0.));
#1993=DIRECTION('',(0.,-1.,0.));
#1994=DIRECTION('',(0.,0.,-1.));
#1995=DIRECTION('',(0.,-1.,0.));
#1996=DIRECTION('',(0.,0.,-1.));
#1997=DIRECTION('',(0.,1.,0.));
#1998=DIRECTION('',(0.,0.,1.));
#1999=DIRECTION('',(0.,1.,0.));
#2000=DIRECTION('',(0.,0.,1.));
#2001=DIRECTION('',(-1.,0.,0.));
#2002=DIRECTION('',(0.,1.,0.));
#2003=DIRECTION('',(0.,0.,1.));
#2004=DIRECTION('',(0.,0.,-1.));
#2005=DIRECTION('',(-1.,0.,0.));
#2006=DIRECTION('',(-3.09772049281573E-16,1.,0.));
#2007=DIRECTION('',(-3.09772049281573E-16,-1.,0.));
#2008=DIRECTION('',(-3.09772049281573E-16,-1.,0.));
#2009=DIRECTION('',(1.,-3.09772049281573E-16,0.));
#2010=DIRECTION('',(3.09772049281573E-16,1.,0.));
#2011=DIRECTION('',(-1.,3.09772049281573E-16,0.));
#2012=DIRECTION('',(3.09772049281573E-16,-1.,0.));
#2013=DIRECTION('',(1.,3.09772049281573E-16,0.));
#2014=DIRECTION('',(-3.09772049281573E-16,1.,0.));
#2015=DIRECTION('',(-1.,-3.09772049281573E-16,0.));
#2016=DIRECTION('',(0.,0.,1.));
#2017=DIRECTION('',(1.,0.,0.));
#2018=DIRECTION('',(-1.,-2.22400445638052E-16,0.));
#2019=DIRECTION('',(0.,0.,1.));
#2020=DIRECTION('',(1.,0.,0.));
#2021=DIRECTION('',(0.,1.,0.));
#2022=DIRECTION('',(0.,0.,1.));
#2023=DIRECTION('',(1.,0.,0.));
#2024=DIRECTION('',(1.,0.,0.));
#2025=DIRECTION('',(0.,0.,1.));
#2026=DIRECTION('',(1.,0.,0.));
#2027=DIRECTION('',(0.,0.,1.));
#2028=DIRECTION('',(1.,0.,0.));
#2029=DIRECTION('',(0.,0.,1.));
#2030=DIRECTION('',(1.,0.,0.));
#2031=DIRECTION('',(0.707106781186547,0.,0.707106781186547));
#2032=DIRECTION('',(-0.707106781186548,0.,0.707106781186548));
#2033=DIRECTION('',(0.,-0.707106781186547,0.707106781186547));
#2034=DIRECTION('',(0.,0.707106781186548,0.707106781186548));
#2035=DIRECTION('',(0.,0.,1.));
#2036=DIRECTION('',(1.,0.,0.));
#2037=DIRECTION('',(0.,-0.707106781186547,0.707106781186547));
#2038=DIRECTION('',(0.,0.707106781186548,0.707106781186548));
#2039=DIRECTION('',(0.,0.,1.));
#2040=DIRECTION('',(1.,0.,0.));
#2041=DIRECTION('',(-1.57260863249577E-16,0.707106781186547,0.707106781186547));
#2042=DIRECTION('',(1.57260863249577E-16,-0.707106781186548,0.707106781186548));
#2043=DIRECTION('',(0.,0.,1.));
#2044=DIRECTION('',(1.,0.,0.));
#2045=DIRECTION('',(-1.57260863249577E-16,0.707106781186547,0.707106781186547));
#2046=DIRECTION('',(1.57260863249577E-16,-0.707106781186548,0.707106781186548));
#2047=DIRECTION('',(0.707106781186547,0.,0.707106781186547));
#2048=DIRECTION('',(-0.707106781186548,0.,0.707106781186548));
#2049=DIRECTION('',(0.,-0.707106781186547,0.707106781186547));
#2050=DIRECTION('',(-1.,0.,0.));
#2051=DIRECTION('',(0.577350269189626,-0.577350269189626,-0.577350269189626));
#2052=DIRECTION('',(0.707106781186547,0.,0.707106781186547));
#2053=DIRECTION('',(0.,-1.,0.));
#2054=DIRECTION('',(0.577350269189626,0.577350269189626,-0.577350269189626));
#2055=DIRECTION('',(-1.57260863249577E-16,0.707106781186547,0.707106781186547));
#2056=DIRECTION('',(1.,2.22400445638052E-16,0.));
#2057=DIRECTION('',(0.,0.,1.));
#2058=DIRECTION('',(1.,0.,0.));
#2059=DIRECTION('',(0.,0.,-1.));
#2060=DIRECTION('',(1.,0.,0.));
#2061=DIRECTION('',(0.,0.,-1.));
#2062=DIRECTION('',(-1.,0.,0.));
#2063=DIRECTION('',(-1.,0.,0.));
#2064=DIRECTION('',(0.,0.,1.));
#2065=DIRECTION('',(0.,0.,1.));
#2066=DIRECTION('',(0.,0.,1.));
#2067=DIRECTION('',(0.,1.,0.));
#2068=DIRECTION('',(0.,0.,1.));
#2069=DIRECTION('',(0.,0.,1.));
#2070=DIRECTION('',(1.,0.,0.));
#2071=DIRECTION('',(0.,0.,-1.));
#2072=DIRECTION('',(0.,0.,1.));
#2073=DIRECTION('',(0.,-1.,0.));
#2074=DIRECTION('',(0.,0.,-1.));
#2075=DIRECTION('',(0.,0.,1.));
#2076=DIRECTION('',(-1.,0.,0.));
#2077=DIRECTION('',(0.,0.,1.));
#2078=DIRECTION('',(0.,0.,1.));
#2079=DIRECTION('',(0.,-1.,0.));
#2080=DIRECTION('',(0.,0.,-1.));
#2081=DIRECTION('',(0.,0.,1.));
#2082=DIRECTION('',(1.,0.,0.));
#2083=DIRECTION('',(0.,1.,0.));
#2084=DIRECTION('',(0.,0.,1.));
#2085=DIRECTION('',(0.,0.,1.));
#2086=DIRECTION('',(0.,0.,1.));
#2087=DIRECTION('',(1.,0.,0.));
#2088=DIRECTION('',(0.,0.,-1.));
#2089=DIRECTION('',(0.,0.,1.));
#2090=DIRECTION('',(0.,-1.,0.));
#2091=DIRECTION('',(0.,0.,-1.));
#2092=DIRECTION('',(0.,0.,1.));
#2093=DIRECTION('',(-1.,0.,0.));
#2094=DIRECTION('',(0.,0.,1.));
#2095=DIRECTION('',(0.,0.,1.));
#2096=DIRECTION('',(1.,0.,0.));
#2097=DIRECTION('',(-0.999069671082457,-0.0431253095431303,0.));
#2098=DIRECTION('',(0.0431253095431303,-0.999069671082457,0.));
#2099=DIRECTION('',(0.,0.,1.));
#2100=DIRECTION('',(0.,0.,1.));
#2101=DIRECTION('',(0.,0.,1.));
#2102=DIRECTION('',(-0.999042349216381,0.0437536795277274,0.));
#2103=DIRECTION('',(-0.0437536795277274,-0.999042349216381,0.));
#2104=DIRECTION('',(0.,0.,1.));
#2105=DIRECTION('',(0.,0.,1.));
#2106=DIRECTION('',(1.,0.,0.));
#2107=DIRECTION('',(0.,0.,1.));
#2108=DIRECTION('',(1.,0.,0.));
#2109=DIRECTION('',(0.,0.,-1.));
#2110=DIRECTION('',(-1.,0.,0.));
#2111=DIRECTION('',(0.,-1.,0.));
#2112=DIRECTION('',(0.,0.,-1.));
#2113=DIRECTION('',(0.,0.,1.));
#2114=DIRECTION('',(0.,0.,1.));
#2115=DIRECTION('',(-1.,0.,0.));
#2116=DIRECTION('',(0.,0.,1.));
#2117=DIRECTION('',(0.,0.,1.));
#2118=DIRECTION('',(0.,1.,0.));
#2119=DIRECTION('',(0.,0.,1.));
#2120=DIRECTION('',(0.,0.,1.));
#2121=DIRECTION('',(1.,0.,0.));
#2122=DIRECTION('',(0.,0.,-1.));
#2123=DIRECTION('',(0.,0.,1.));
#2124=DIRECTION('',(0.,0.,1.));
#2125=DIRECTION('',(1.,0.,0.));
#2126=DIRECTION('',(0.,0.,-1.));
#2127=DIRECTION('',(0.,0.,1.));
#2128=DIRECTION('',(0.,0.,1.));
#2129=DIRECTION('',(0.,0.,1.));
#2130=DIRECTION('',(1.,0.,0.));
#2131=DIRECTION('',(0.,0.,-1.));
#2132=DIRECTION('',(0.,0.,1.));
#2133=DIRECTION('',(1.,0.,0.));
#2134=DIRECTION('',(0.,0.,-1.));
#2135=DIRECTION('',(-1.,0.,0.));
#2136=DIRECTION('',(0.,0.,1.));
#2137=DIRECTION('',(0.,0.,1.));
#2138=DIRECTION('',(0.,0.,1.));
#2139=DIRECTION('',(0.,0.,1.));
#2140=DIRECTION('',(0.,0.,1.));
#2141=DIRECTION('',(-0.9994801143397,-0.0322412940109529,0.));
#2142=DIRECTION('',(0.0322412940109529,-0.9994801143397,0.));
#2143=DIRECTION('',(0.,0.,1.));
#2144=DIRECTION('',(0.,0.,1.));
#2145=DIRECTION('',(0.,1.,0.));
#2146=DIRECTION('',(0.,0.,1.));
#2147=DIRECTION('',(0.,-1.,0.));
#2148=DIRECTION('',(0.,0.,-1.));
#2149=DIRECTION('',(0.,0.,-1.));
#2150=DIRECTION('',(-1.,0.,0.));
#2151=DIRECTION('',(0.,0.,-1.));
#2152=DIRECTION('',(-1.,0.,0.));
#2153=CARTESIAN_POINT('',(0.,0.,0.));
#2154=CARTESIAN_POINT('',(0.,0.,7.2));
#2155=CARTESIAN_POINT('',(1.15565729234794,0.5,7.2));
#2156=CARTESIAN_POINT('',(1.189448441247,0.5,7.2));
#2157=CARTESIAN_POINT('',(1.22323959014606,0.5,7.2));
#2158=CARTESIAN_POINT('',(1.25703073904513,0.5,7.2));
#2159=CARTESIAN_POINT('',(1.15565729234794,0.5,7.2));
#2160=CARTESIAN_POINT('',(1.25703073904513,0.5,7.2));
#2161=CARTESIAN_POINT('',(1.25703073904513,0.5,7.2));
#2162=CARTESIAN_POINT('',(1.25703073904513,0.171244822323959,7.2));
#2163=CARTESIAN_POINT('',(1.25703073904513,-0.157510355352082,7.2));
#2164=CARTESIAN_POINT('',(1.25703073904513,-0.486265533028123,7.2));
#2165=CARTESIAN_POINT('',(1.25703073904513,-0.486265533028123,7.2));
#2166=CARTESIAN_POINT('',(1.25703073904513,-0.486265533028123,7.2));
#2167=CARTESIAN_POINT('',(1.22323959014606,-0.486265533028123,7.2));
#2168=CARTESIAN_POINT('',(1.189448441247,-0.486265533028123,7.2));
#2169=CARTESIAN_POINT('',(1.15565729234794,-0.486265533028123,7.2));
#2170=CARTESIAN_POINT('',(1.15565729234794,-0.486265533028123,7.2));
#2171=CARTESIAN_POINT('',(1.15565729234794,-0.486265533028123,7.2));
#2172=CARTESIAN_POINT('',(1.15565729234794,-0.470568999345978,7.2));
#2173=CARTESIAN_POINT('',(1.15565729234794,-0.454872465663832,7.2));
#2174=CARTESIAN_POINT('',(1.15565729234794,-0.439175931981687,7.2));
#2175=CARTESIAN_POINT('',(1.15565729234794,-0.439175931981687,7.2));
#2176=CARTESIAN_POINT('',(1.15565729234794,-0.439175931981687,7.2));
#2177=CARTESIAN_POINT('',(1.08502289077829,-0.479725310660562,7.2));
#2178=CARTESIAN_POINT('',(1.01504251144539,-0.5,7.2));
#2179=CARTESIAN_POINT('',(0.909744931327665,-0.5,7.2));
#2180=CARTESIAN_POINT('',(0.877697841726619,-0.495421844342708,7.2));
#2181=CARTESIAN_POINT('',(0.822759973839111,-0.477109221713538,7.2));
#2182=CARTESIAN_POINT('',(0.797253106605624,-0.460758665794637,7.2));
#2183=CARTESIAN_POINT('',(0.773054283845651,-0.436559843034663,7.2));
#2184=CARTESIAN_POINT('',(0.72367560497057,-0.387181164159581,7.2));
#2185=CARTESIAN_POINT('',(0.699149771092217,-0.295945062132112,7.2));
#2186=CARTESIAN_POINT('',(0.699149771092217,-0.0297580117724001,7.2));
#2187=CARTESIAN_POINT('',(0.721386527141923,0.0663832570307391,7.2));
#2188=CARTESIAN_POINT('',(0.765860039241334,0.12589928057554,7.2));
#2189=CARTESIAN_POINT('',(0.809785601830958,0.184682018746949,7.2));
#2190=CARTESIAN_POINT('',(0.883584041857423,0.214192282537606,7.2));
#2191=CARTESIAN_POINT('',(0.986265533028123,0.214846304774363,7.2));
#2192=CARTESIAN_POINT('',(1.03988901521232,0.2151878556163,7.2));
#2193=CARTESIAN_POINT('',(1.09614126880314,0.208306082406802,7.2));
#2194=CARTESIAN_POINT('',(1.15565729234794,0.196533682145193,7.2));
#2195=CARTESIAN_POINT('',(1.15565729234794,0.196533682145193,7.2));
#2196=CARTESIAN_POINT('',(1.15565729234794,0.196533682145193,7.2));
#2197=CARTESIAN_POINT('',(1.15565729234794,0.297689121430129,7.2));
#2198=CARTESIAN_POINT('',(1.15565729234794,0.398844560715065,7.2));
#2199=CARTESIAN_POINT('',(1.15565729234794,0.5,7.2));
#2200=CARTESIAN_POINT('',(-0.156311314584696,-0.380313930673643,7.2));
#2201=CARTESIAN_POINT('',(-0.155003270111184,-0.410616960976673,7.2));
#2202=CARTESIAN_POINT('',(-0.153695225637671,-0.440919991279703,7.2));
#2203=CARTESIAN_POINT('',(-0.152387181164159,-0.471223021582734,7.2));
#2204=CARTESIAN_POINT('',(-0.156311314584696,-0.380313930673643,7.2));
#2205=CARTESIAN_POINT('',(-0.152387181164159,-0.471223021582734,7.2));
#2206=CARTESIAN_POINT('',(-0.152387181164159,-0.471223021582734,7.2));
#2207=CARTESIAN_POINT('',(-0.246566383257031,-0.490189666448659,7.2));
#2208=CARTESIAN_POINT('',(-0.331589274035317,-0.5,7.2));
#2209=CARTESIAN_POINT('',(-0.482014388489208,-0.5,7.2));
#2210=CARTESIAN_POINT('',(-0.542838456507521,-0.489535644211903,7.2));
#2211=CARTESIAN_POINT('',(-0.589274035317201,-0.469260954872466,7.2));
#2212=CARTESIAN_POINT('',(-0.635949451338326,-0.448881547877326,7.2));
#2213=CARTESIAN_POINT('',(-0.671026814911707,-0.416285153695226,7.2));
#2214=CARTESIAN_POINT('',(-0.696533682145193,-0.373119686069326,7.2));
#2215=CARTESIAN_POINT('',(-0.722157732535953,-0.329755908484962,7.2));
#2216=CARTESIAN_POINT('',(-0.739045127534336,-0.279594506213211,7.2));
#2217=CARTESIAN_POINT('',(-0.758665794637018,-0.16710268149117,7.2));
#2218=CARTESIAN_POINT('',(-0.76324395029431,-0.0964682799215171,7.2));
#2219=CARTESIAN_POINT('',(-0.76324395029431,0.0716154349247875,7.2));
#2220=CARTESIAN_POINT('',(-0.758665794637018,0.142903858731197,7.2));
#2221=CARTESIAN_POINT('',(-0.748855461085677,0.199803793328973,7.2));
#2222=CARTESIAN_POINT('',(-0.738935620346888,0.257338869613946,7.2));
#2223=CARTESIAN_POINT('',(-0.721386527141923,0.307717462393721,7.2));
#2224=CARTESIAN_POINT('',(-0.696533682145193,0.351536952256377,7.2));
#2225=CARTESIAN_POINT('',(-0.671241000855752,0.396131942950918,7.2));
#2226=CARTESIAN_POINT('',(-0.63570961412688,0.428057553956835,7.2));
#2227=CARTESIAN_POINT('',(-0.589928057553957,0.447678221059516,7.2));
#2228=CARTESIAN_POINT('',(-0.543909699826346,0.46740037437135,7.2));
#2229=CARTESIAN_POINT('',(-0.484630477436233,0.478417266187051,7.2));
#2230=CARTESIAN_POINT('',(-0.337475474166122,0.478417266187051,7.2));
#2231=CARTESIAN_POINT('',(-0.251798561151079,0.467952910398954,7.2));
#2232=CARTESIAN_POINT('',(-0.152387181164159,0.448332243296272,7.2));
#2233=CARTESIAN_POINT('',(-0.152387181164159,0.448332243296272,7.2));
#2234=CARTESIAN_POINT('',(-0.152387181164159,0.448332243296272,7.2));
#2235=CARTESIAN_POINT('',(-0.153695225637671,0.418465227817746,7.2));
#2236=CARTESIAN_POINT('',(-0.155003270111184,0.38859821233922,7.2));
#2237=CARTESIAN_POINT('',(-0.156311314584696,0.358731196860693,7.2));
#2238=CARTESIAN_POINT('',(-0.156311314584696,0.358731196860693,7.2));
#2239=CARTESIAN_POINT('',(-0.156311314584696,0.358731196860693,7.2));
#2240=CARTESIAN_POINT('',(-0.249182472204055,0.375081752779595,7.2));
#2241=CARTESIAN_POINT('',(-0.331589274035317,0.383584041857423,7.2));
#2242=CARTESIAN_POINT('',(-0.50490516677567,0.383584041857423,7.2));
#2243=CARTESIAN_POINT('',(-0.571615434924787,0.353499018966645,7.2));
#2244=CARTESIAN_POINT('',(-0.637017658600392,0.233158927403532,7.2));
#2245=CARTESIAN_POINT('',(-0.653368214519293,0.131131458469588,7.2));
#2246=CARTESIAN_POINT('',(-0.653368214519293,-0.0860039241334205,7.2));
#2247=CARTESIAN_POINT('',(-0.650098103335513,-0.144211903204709,7.2));
#2248=CARTESIAN_POINT('',(-0.638325703073905,-0.231850882930019,7.2));
#2249=CARTESIAN_POINT('',(-0.626553302812295,-0.271746239372138,7.2));
#2250=CARTESIAN_POINT('',(-0.608894702419882,-0.307063440156965,7.2));
#2251=CARTESIAN_POINT('',(-0.591366906474819,-0.342119032047089,7.2));
#2252=CARTESIAN_POINT('',(-0.566383257030739,-0.367233485938522,7.2));
#2253=CARTESIAN_POINT('',(-0.53302812295618,-0.382275997383911,7.2));
#2254=CARTESIAN_POINT('',(-0.499427887257432,-0.397429044855896,7.2));
#2255=CARTESIAN_POINT('',(-0.450621321124918,-0.405166775670373,7.2));
#2256=CARTESIAN_POINT('',(-0.32112491824722,-0.405166775670373,7.2));
#2257=CARTESIAN_POINT('',(-0.244604316546762,-0.396664486592544,7.2));
#2258=CARTESIAN_POINT('',(-0.156311314584696,-0.380313930673643,7.2));
#2259=CARTESIAN_POINT('',(-1.46566383257031,-0.391432308698496,7.2));
#2260=CARTESIAN_POINT('',(-1.46566383257031,-0.486265533028123,7.2));
#2261=CARTESIAN_POINT('',(-1.46566383257031,-0.391432308698496,7.2));
#2262=CARTESIAN_POINT('',(-1.46566383257031,-0.486265533028123,7.2));
#2263=CARTESIAN_POINT('',(-1.46566383257031,-0.486265533028123,7.2));
#2264=CARTESIAN_POINT('',(-1.9895356442119,-0.486265533028123,7.2));
#2265=CARTESIAN_POINT('',(-1.9895356442119,-0.486265533028123,7.2));
#2266=CARTESIAN_POINT('',(-1.9895356442119,-0.486265533028123,7.2));
#2267=CARTESIAN_POINT('',(-1.9895356442119,0.464682799215173,7.2));
#2268=CARTESIAN_POINT('',(-1.9895356442119,0.464682799215173,7.2));
#2269=CARTESIAN_POINT('',(-1.9895356442119,0.464682799215173,7.2));
#2270=CARTESIAN_POINT('',(-1.88358404185742,0.464682799215173,7.2));
#2271=CARTESIAN_POINT('',(-1.88358404185742,0.464682799215173,7.2));
#2272=CARTESIAN_POINT('',(-1.88358404185742,0.464682799215173,7.2));
#2273=CARTESIAN_POINT('',(-1.88358404185742,-0.391432308698496,7.2));
#2274=CARTESIAN_POINT('',(-1.88358404185742,-0.391432308698496,7.2));
#2275=CARTESIAN_POINT('',(-1.88358404185742,-0.391432308698496,7.2));
#2276=CARTESIAN_POINT('',(-1.46566383257031,-0.391432308698496,7.2));
#2277=CARTESIAN_POINT('',(-3.25,2.5,7.2));
#2278=CARTESIAN_POINT('',(-3.6,2.85707142142714,7.2));
#2279=CARTESIAN_POINT('',(-3.6,2.14292857857286,7.2));
#2280=CARTESIAN_POINT('',(-3.6,-3.55,7.2));
#2281=CARTESIAN_POINT('',(-3.6,-3.35,7.2));
#2282=CARTESIAN_POINT('',(3.8,-3.35,7.2));
#2283=CARTESIAN_POINT('',(3.6,-3.35,7.2));
#2284=CARTESIAN_POINT('',(3.6,3.55,7.2));
#2285=CARTESIAN_POINT('',(3.6,3.35,7.2));
#2286=CARTESIAN_POINT('',(-3.8,3.35,7.2));
#2287=CARTESIAN_POINT('',(-3.6,3.35,7.2));
#2288=CARTESIAN_POINT('',(-3.6,-3.55,7.2));
#2289=CARTESIAN_POINT('',(-0.937213865271419,-0.156638325703074,7.2));
#2290=CARTESIAN_POINT('',(-1.35382603008502,-0.156638325703074,7.2));
#2291=CARTESIAN_POINT('',(-0.937213865271419,-0.156638325703074,7.2));
#2292=CARTESIAN_POINT('',(-1.35382603008502,-0.156638325703074,7.2));
#2293=CARTESIAN_POINT('',(-1.35382603008502,-0.156638325703074,7.2));
#2294=CARTESIAN_POINT('',(-1.35382603008502,-0.0598430346631783,7.2));
#2295=CARTESIAN_POINT('',(-1.35382603008502,-0.0598430346631783,7.2));
#2296=CARTESIAN_POINT('',(-1.35382603008502,-0.0598430346631783,7.2));
#2297=CARTESIAN_POINT('',(-0.937213865271419,-0.0598430346631783,7.2));
#2298=CARTESIAN_POINT('',(-0.937213865271419,-0.0598430346631783,7.2));
#2299=CARTESIAN_POINT('',(-0.937213865271419,-0.0598430346631783,7.2));
#2300=CARTESIAN_POINT('',(-0.937213865271419,-0.156638325703074,7.2));
#2301=CARTESIAN_POINT('',(-0.0274689339437536,-0.141595814257685,7.2));
#2302=CARTESIAN_POINT('',(-0.0274689339437536,-0.016023544800523,7.2));
#2303=CARTESIAN_POINT('',(-0.005232177894048,0.0748855461085679,7.2));
#2304=CARTESIAN_POINT('',(0.0398953564421192,0.130477436232832,7.2));
#2305=CARTESIAN_POINT('',(0.0850831311044486,0.186143535454542,7.2));
#2306=CARTESIAN_POINT('',(0.160235448005232,0.214192282537606,7.2));
#2307=CARTESIAN_POINT('',(0.374100719424461,0.214192282537606,7.2));
#2308=CARTESIAN_POINT('',(0.449967298888163,0.186723348593852,7.2));
#2309=CARTESIAN_POINT('',(0.494440810987574,0.130477436232832,7.2));
#2310=CARTESIAN_POINT('',(0.538596126577788,0.0746339488687375,7.2));
#2311=CARTESIAN_POINT('',(0.561151079136691,-0.016023544800523,7.2));
#2312=CARTESIAN_POINT('',(0.561151079136691,-0.267168083714846,7.2));
#2313=CARTESIAN_POINT('',(0.540222367560497,-0.358077174623937,7.2));
#2314=CARTESIAN_POINT('',(0.497710922171355,-0.414977109221713,7.2));
#2315=CARTESIAN_POINT('',(0.455433769130041,-0.471563452523165,7.2));
#2316=CARTESIAN_POINT('',(0.378678875081754,-0.5,7.2));
#2317=CARTESIAN_POINT('',(0.155003270111184,-0.5,7.2));
#2318=CARTESIAN_POINT('',(0.0778286461739701,-0.47187704381949,7.2));
#2319=CARTESIAN_POINT('',(0.0353172007848267,-0.414977109221713,7.2));
#2320=CARTESIAN_POINT('',(-0.0069599522564876,-0.358390765920262,7.2));
#2321=CARTESIAN_POINT('',(-0.0274689339437536,-0.267168083714846,7.2));
#2322=CARTESIAN_POINT('',(-0.0274689339437536,-0.141595814257685,7.2));
#2323=CARTESIAN_POINT('',(-0.0274689339437536,-0.141595814257685,7.2));
#2324=CARTESIAN_POINT('',(1.5297580117724,-0.18541530412034,7.2));
#2325=CARTESIAN_POINT('',(1.5297580117724,-0.261281883584042,7.2));
#2326=CARTESIAN_POINT('',(1.54349247874428,-0.317527795945062,7.2));
#2327=CARTESIAN_POINT('',(1.57161543492479,-0.354153041203401,7.2));
#2328=CARTESIAN_POINT('',(1.59949580592661,-0.390462361577866,7.2));
#2329=CARTESIAN_POINT('',(1.64682799215173,-0.409090909090909,7.2));
#2330=CARTESIAN_POINT('',(1.78351863963375,-0.409090909090909,7.2));
#2331=CARTESIAN_POINT('',(1.85284499672989,-0.406474820143885,7.2));
#2332=CARTESIAN_POINT('',(1.92347939829954,-0.401242642249836,7.2));
#2333=CARTESIAN_POINT('',(1.5297580117724,-0.18541530412034,7.2));
#2334=CARTESIAN_POINT('',(1.92347939829954,-0.401242642249836,7.2));
#2335=CARTESIAN_POINT('',(1.92347939829954,-0.401242642249836,7.2));
#2336=CARTESIAN_POINT('',(1.93681770446225,-0.400254619571117,7.2));
#2337=CARTESIAN_POINT('',(1.95007630259429,-0.398190538478308,7.2));
#2338=CARTESIAN_POINT('',(1.96337475474166,-0.396664486592544,7.2));
#2339=CARTESIAN_POINT('',(1.96337475474166,-0.396664486592544,7.2));
#2340=CARTESIAN_POINT('',(1.96337475474166,-0.396664486592544,7.2));
#2341=CARTESIAN_POINT('',(1.96424678439067,-0.423697405711794,7.2));
#2342=CARTESIAN_POINT('',(1.96511881403968,-0.450730324831044,7.2));
#2343=CARTESIAN_POINT('',(1.96599084368869,-0.477763243950294,7.2));
#2344=CARTESIAN_POINT('',(1.96599084368869,-0.477763243950294,7.2));
#2345=CARTESIAN_POINT('',(1.96599084368869,-0.477763243950294,7.2));
#2346=CARTESIAN_POINT('',(1.86134728580772,-0.492805755395683,7.2));
#2347=CARTESIAN_POINT('',(1.77174623937214,-0.5,7.2));
#2348=CARTESIAN_POINT('',(1.59908436886854,-0.5,7.2));
#2349=CARTESIAN_POINT('',(1.52844996729889,-0.471223021582734,7.2));
#2350=CARTESIAN_POINT('',(1.48724656638326,-0.414323086984957,7.2));
#2351=CARTESIAN_POINT('',(1.44573247939728,-0.356994109718607,7.2));
#2352=CARTESIAN_POINT('',(1.42576847612819,-0.267822105951602,7.2));
#2353=CARTESIAN_POINT('',(1.42576847612819,0.0938521909744932,7.2));
#2354=CARTESIAN_POINT('',(1.52125572269457,0.214192282537606,7.2));
#2355=CARTESIAN_POINT('',(1.71288423806409,0.214846304774363,7.2));
#2356=CARTESIAN_POINT('',(1.80575208176764,0.215163259872327,7.2));
#2357=CARTESIAN_POINT('',(1.87508175277959,0.18868541530412,7.2));
#2358=CARTESIAN_POINT('',(1.92086330935252,0.137017658600393,7.2));
#2359=CARTESIAN_POINT('',(1.96696949952828,0.0849835296877421,7.2));
#2360=CARTESIAN_POINT('',(1.9895356442119,0.00359712230215835,7.2));
#2361=CARTESIAN_POINT('',(1.9895356442119,-0.106932635709614,7.2));
#2362=CARTESIAN_POINT('',(1.9895356442119,-0.133093525179856,7.2));
#2363=CARTESIAN_POINT('',(1.98561151079137,-0.159254414650098,7.2));
#2364=CARTESIAN_POINT('',(1.9836494440811,-0.18541530412034,7.2));
#2365=CARTESIAN_POINT('',(1.9836494440811,-0.18541530412034,7.2));
#2366=CARTESIAN_POINT('',(1.9836494440811,-0.18541530412034,7.2));
#2367=CARTESIAN_POINT('',(1.8323522999782,-0.18541530412034,7.2));
#2368=CARTESIAN_POINT('',(1.6810551558753,-0.18541530412034,7.2));
#2369=CARTESIAN_POINT('',(1.5297580117724,-0.18541530412034,7.2));
#2370=CARTESIAN_POINT('',(-3.6,-4.27740035172363E-16,7.2));
#2371=CARTESIAN_POINT('',(-3.25,2.5,7.55));
#2372=CARTESIAN_POINT('',(-3.61,2.15301296854205,7.19));
#2373=CARTESIAN_POINT('',(-3.61,-4.28928201936731E-16,7.19));
#2374=CARTESIAN_POINT('',(-3.61,2.84698703145795,7.19));
#2375=CARTESIAN_POINT('',(-3.25,2.5,7.55));
#2376=CARTESIAN_POINT('',(-2.48333333333333,2.23333333333333,8.31666666666667));
#2377=CARTESIAN_POINT('',(-3.87071067811866,3.62071067811865,6.92928932188135));
#2378=CARTESIAN_POINT('',(-3.8,3.55,7.));
#2379=CARTESIAN_POINT('',(-3.9,3.55,6.9));
#2380=CARTESIAN_POINT('',(-3.9,3.65,6.9));
#2381=CARTESIAN_POINT('',(-3.9,-3.55,6.9));
#2382=CARTESIAN_POINT('',(-3.8,-3.55,7.));
#2383=CARTESIAN_POINT('',(-3.87071067811865,-3.62071067811866,6.92928932188134));
#2384=CARTESIAN_POINT('',(-2.4,-2.15,8.4));
#2385=CARTESIAN_POINT('',(4.4,4.15,7.2));
#2386=CARTESIAN_POINT('',(4.4,3.95,7.2));
#2387=CARTESIAN_POINT('',(4.4,3.95,0.));
#2388=CARTESIAN_POINT('',(4.4,3.95,6.9));
#2389=CARTESIAN_POINT('',(4.4,-4.15,6.9));
#2390=CARTESIAN_POINT('',(4.4,-3.95,6.9));
#2391=CARTESIAN_POINT('',(4.4,-3.95,7.2));
#2392=CARTESIAN_POINT('',(4.4,-3.95,0.));
#2393=CARTESIAN_POINT('',(4.4,4.15,0.));
#2394=CARTESIAN_POINT('',(4.4,-4.15,7.2));
#2395=CARTESIAN_POINT('',(4.2,-4.15,7.2));
#2396=CARTESIAN_POINT('',(4.2,-4.15,0.));
#2397=CARTESIAN_POINT('',(4.2,-4.15,6.9));
#2398=CARTESIAN_POINT('',(-4.4,-4.15,6.9));
#2399=CARTESIAN_POINT('',(-4.2,-4.15,6.9));
#2400=CARTESIAN_POINT('',(-4.2,-4.15,7.2));
#2401=CARTESIAN_POINT('',(-4.2,-4.15,0.));
#2402=CARTESIAN_POINT('',(4.4,-4.15,0.));
#2403=CARTESIAN_POINT('',(-4.4,-4.15,7.2));
#2404=CARTESIAN_POINT('',(-4.4,-3.95,7.2));
#2405=CARTESIAN_POINT('',(-4.4,-3.95,0.));
#2406=CARTESIAN_POINT('',(-4.4,-3.95,6.9));
#2407=CARTESIAN_POINT('',(-4.4,4.15,6.9));
#2408=CARTESIAN_POINT('',(-4.4,3.95,6.9));
#2409=CARTESIAN_POINT('',(-4.4,3.95,7.2));
#2410=CARTESIAN_POINT('',(-4.4,3.95,0.));
#2411=CARTESIAN_POINT('',(-4.4,-4.15,0.));
#2412=CARTESIAN_POINT('',(-4.4,4.15,7.2));
#2413=CARTESIAN_POINT('',(-4.2,4.15,7.2));
#2414=CARTESIAN_POINT('',(-4.2,4.15,0.));
#2415=CARTESIAN_POINT('',(-4.2,4.15,6.9));
#2416=CARTESIAN_POINT('',(4.4,4.15,6.9));
#2417=CARTESIAN_POINT('',(4.2,4.15,6.9));
#2418=CARTESIAN_POINT('',(4.2,4.15,7.2));
#2419=CARTESIAN_POINT('',(4.2,4.15,0.));
#2420=CARTESIAN_POINT('',(-4.4,4.15,0.));
#2421=CARTESIAN_POINT('',(-4.2,-3.95,7.2));
#2422=CARTESIAN_POINT('',(-4.2,-3.95,6.9));
#2423=CARTESIAN_POINT('',(-4.2,-3.95,0.));
#2424=CARTESIAN_POINT('',(4.2,-3.95,7.2));
#2425=CARTESIAN_POINT('',(4.2,-3.95,6.9));
#2426=CARTESIAN_POINT('',(4.2,-3.95,0.));
#2427=CARTESIAN_POINT('',(4.2,3.95,7.2));
#2428=CARTESIAN_POINT('',(4.2,3.95,6.9));
#2429=CARTESIAN_POINT('',(4.2,3.95,0.));
#2430=CARTESIAN_POINT('',(-4.2,3.95,7.2));
#2431=CARTESIAN_POINT('',(-4.2,3.95,6.9));
#2432=CARTESIAN_POINT('',(-4.2,3.95,0.));
#2433=CARTESIAN_POINT('',(0.,0.,0.));
#2434=CARTESIAN_POINT('',(0.,3.2,0.));
#2435=CARTESIAN_POINT('',(3.25,3.2,3.46944695195361E-15));
#2436=CARTESIAN_POINT('',(-3.25,3.2,3.46944695195361E-15));
#2437=CARTESIAN_POINT('',(-3.25,1.00675916016511E-15,0.));
#2438=CARTESIAN_POINT('',(-3.25,1.8,0.));
#2439=CARTESIAN_POINT('',(0.,1.8,0.));
#2440=CARTESIAN_POINT('',(3.25,1.8,3.46944695195361E-15));
#2441=CARTESIAN_POINT('',(3.25,1.00675916016511E-15,0.));
#2442=CARTESIAN_POINT('',(-3.25,-1.8,0.));
#2443=CARTESIAN_POINT('',(-3.25,-1.8,0.));
#2444=CARTESIAN_POINT('',(3.25,-1.8,0.));
#2445=CARTESIAN_POINT('',(-3.25,-3.2,0.));
#2446=CARTESIAN_POINT('',(-3.25,-3.2,0.));
#2447=CARTESIAN_POINT('',(3.25,-3.2,0.));
#2448=CARTESIAN_POINT('',(3.25,-3.2,0.));
#2449=CARTESIAN_POINT('',(3.25,-1.8,0.));
#2450=CARTESIAN_POINT('',(-3.25,3.2,13.7934012658579));
#2451=CARTESIAN_POINT('',(-3.25,3.2,13.7934012658579));
#2452=CARTESIAN_POINT('',(-3.25,3.2,-0.0999999999999959));
#2453=CARTESIAN_POINT('',(-3.25,3.2,-0.0999999999999994));
#2454=CARTESIAN_POINT('',(-3.25,1.8,-0.0999999999999959));
#2455=CARTESIAN_POINT('',(-3.25,1.8,13.7934012658579));
#2456=CARTESIAN_POINT('',(-3.25,1.8,13.7934012658579));
#2457=CARTESIAN_POINT('',(-3.25,1.8,-0.6));
#2458=CARTESIAN_POINT('',(-2.75,1.8,-0.6));
#2459=CARTESIAN_POINT('',(2.75,1.8,-0.6));
#2460=CARTESIAN_POINT('',(2.75,1.8,-0.0999999999999994));
#2461=CARTESIAN_POINT('',(3.25,1.8,-0.0999999999999959));
#2462=CARTESIAN_POINT('',(3.25,1.8,13.7934012658579));
#2463=CARTESIAN_POINT('',(-2.75,1.8,-0.0999999999999994));
#2464=CARTESIAN_POINT('',(3.25,1.8,13.7934012658579));
#2465=CARTESIAN_POINT('',(3.25,1.8,-0.0999999999999994));
#2466=CARTESIAN_POINT('',(3.25,3.2,-0.0999999999999959));
#2467=CARTESIAN_POINT('',(3.25,3.2,13.7934012658579));
#2468=CARTESIAN_POINT('',(3.25,3.2,13.7934012658579));
#2469=CARTESIAN_POINT('',(2.75,3.2,-0.0999999999999994));
#2470=CARTESIAN_POINT('',(2.75,3.2,-0.6));
#2471=CARTESIAN_POINT('',(3.25,3.2,-0.6));
#2472=CARTESIAN_POINT('',(-2.75,3.2,-0.6));
#2473=CARTESIAN_POINT('',(-2.75,3.2,-0.0999999999999994));
#2474=CARTESIAN_POINT('',(0.,0.,-0.6));
#2475=CARTESIAN_POINT('',(2.75,8.51873135524325E-16,-0.6));
#2476=CARTESIAN_POINT('',(-2.75,8.51873135524325E-16,-0.6));
#2477=CARTESIAN_POINT('',(-3.25,-1.8,-0.5));
#2478=CARTESIAN_POINT('',(-3.25,-1.8,-0.5));
#2479=CARTESIAN_POINT('',(-2.75,-1.8,-0.5));
#2480=CARTESIAN_POINT('',(2.75,-1.8,-0.5));
#2481=CARTESIAN_POINT('',(-2.75,-1.8,0.));
#2482=CARTESIAN_POINT('',(2.75,-1.8,0.));
#2483=CARTESIAN_POINT('',(3.25,-3.2,-0.5));
#2484=CARTESIAN_POINT('',(-2.75,-3.2,0.));
#2485=CARTESIAN_POINT('',(-2.75,-3.2,-0.5));
#2486=CARTESIAN_POINT('',(3.25,-3.2,-0.5));
#2487=CARTESIAN_POINT('',(2.75,-3.2,-0.5));
#2488=CARTESIAN_POINT('',(2.75,-3.2,0.));
#2489=CARTESIAN_POINT('',(0.,0.,-0.5));
#2490=CARTESIAN_POINT('',(-2.75,-1.8,-0.5));
#2491=CARTESIAN_POINT('',(2.75,-3.2,-0.5));
#2492=CARTESIAN_POINT('',(-2.75,3.2,-0.0999999999999994));
#2493=CARTESIAN_POINT('',(2.75,-8.51873135524325E-16,0.));
#2494=CARTESIAN_POINT('',(-2.75,-8.51873135524325E-16,0.));
#2495=CARTESIAN_POINT('',(2.75,1.8,-0.0999999999999994));
#2496=CARTESIAN_POINT('',(0.,0.,6.9));
#2497=CARTESIAN_POINT('',(3.9,3.65,6.9));
#2498=CARTESIAN_POINT('',(3.8,3.65,6.9));
#2499=CARTESIAN_POINT('',(-3.8,3.65,6.9));
#2500=CARTESIAN_POINT('',(3.8,3.55,6.9));
#2501=CARTESIAN_POINT('',(3.9,3.55,6.9));
#2502=CARTESIAN_POINT('',(3.9,-3.65,6.9));
#2503=CARTESIAN_POINT('',(3.9,-3.55,6.9));
#2504=CARTESIAN_POINT('',(3.8,-3.55,6.9));
#2505=CARTESIAN_POINT('',(3.8,-3.65,6.9));
#2506=CARTESIAN_POINT('',(-3.9,-3.65,6.9));
#2507=CARTESIAN_POINT('',(-3.8,-3.65,6.9));
#2508=CARTESIAN_POINT('',(-3.8,-3.55,6.9));
#2509=CARTESIAN_POINT('',(-3.8,3.55,6.9));
#2510=CARTESIAN_POINT('',(3.8,-3.55,6.9));
#2511=CARTESIAN_POINT('',(3.8,-3.55,7.));
#2512=CARTESIAN_POINT('',(3.87071067811866,-3.62071067811866,6.92928932188135));
#2513=CARTESIAN_POINT('',(3.8,-3.55,7.));
#2514=CARTESIAN_POINT('',(-3.8,-3.55,6.9));
#2515=CARTESIAN_POINT('',(-3.8,-3.55,7.));
#2516=CARTESIAN_POINT('',(-3.8,3.55,6.9));
#2517=CARTESIAN_POINT('',(-3.8,3.55,7.));
#2518=CARTESIAN_POINT('',(3.8,3.55,6.9));
#2519=CARTESIAN_POINT('',(3.8,3.55,7.));
#2520=CARTESIAN_POINT('',(3.87071067811865,3.62071067811866,6.92928932188135));
#2521=CARTESIAN_POINT('',(3.8,3.55,7.));
#2522=CARTESIAN_POINT('',(0.,-3.35,7.2));
#2523=CARTESIAN_POINT('',(2.48333333333333,-2.23333333333333,8.31666666666667));
#2524=CARTESIAN_POINT('',(3.6,0.,7.2));
#2525=CARTESIAN_POINT('',(2.4,2.15,8.4));
#2526=CARTESIAN_POINT('',(-7.45041492887475E-16,3.35,7.2));
#2527=CARTESIAN_POINT('',(-3.25,2.5,7.19));
#2528=CARTESIAN_POINT('',(-3.25,2.5,7.19));
#2529=CARTESIAN_POINT('',(-3.25,2.5,7.19));
#2530=CARTESIAN_POINT('',(-1.46566383257031,-0.391432308698496,7.19));
#2531=CARTESIAN_POINT('',(-1.46566383257031,-0.391432308698496,7.19));
#2532=CARTESIAN_POINT('',(-1.46566383257031,-0.391432308698496,7.19));
#2533=CARTESIAN_POINT('',(-1.46566383257031,-0.391432308698496,7.19));
#2534=CARTESIAN_POINT('',(-1.46566383257031,-0.486265533028123,7.19));
#2535=CARTESIAN_POINT('',(-1.46566383257031,-0.486265533028123,7.19));
#2536=CARTESIAN_POINT('',(-1.46566383257031,-0.486265533028123,7.19));
#2537=CARTESIAN_POINT('',(-1.46566383257031,-0.486265533028123,7.19));
#2538=CARTESIAN_POINT('',(-1.46566383257031,-0.486265533028123,7.19));
#2539=CARTESIAN_POINT('',(-1.9895356442119,-0.486265533028123,7.19));
#2540=CARTESIAN_POINT('',(-1.9895356442119,-0.486265533028123,7.19));
#2541=CARTESIAN_POINT('',(-1.9895356442119,-0.486265533028123,7.19));
#2542=CARTESIAN_POINT('',(-1.9895356442119,-0.486265533028123,7.19));
#2543=CARTESIAN_POINT('',(-1.9895356442119,-0.486265533028123,7.19));
#2544=CARTESIAN_POINT('',(-1.9895356442119,0.464682799215173,7.19));
#2545=CARTESIAN_POINT('',(-1.9895356442119,0.464682799215173,7.19));
#2546=CARTESIAN_POINT('',(-1.9895356442119,0.464682799215173,7.19));
#2547=CARTESIAN_POINT('',(-1.9895356442119,0.464682799215173,7.19));
#2548=CARTESIAN_POINT('',(-1.9895356442119,0.464682799215173,7.19));
#2549=CARTESIAN_POINT('',(-1.88358404185742,0.464682799215173,7.19));
#2550=CARTESIAN_POINT('',(-1.88358404185742,0.464682799215173,7.19));
#2551=CARTESIAN_POINT('',(-1.88358404185742,0.464682799215173,7.19));
#2552=CARTESIAN_POINT('',(-1.88358404185742,0.464682799215173,7.19));
#2553=CARTESIAN_POINT('',(-1.88358404185742,0.464682799215173,7.19));
#2554=CARTESIAN_POINT('',(-1.88358404185742,-0.391432308698496,7.19));
#2555=CARTESIAN_POINT('',(-1.88358404185742,-0.391432308698496,7.19));
#2556=CARTESIAN_POINT('',(-1.88358404185742,-0.391432308698496,7.19));
#2557=CARTESIAN_POINT('',(-1.88358404185742,-0.391432308698496,7.19));
#2558=CARTESIAN_POINT('',(-1.88358404185742,-0.391432308698496,7.19));
#2559=CARTESIAN_POINT('',(-1.46566383257031,-0.391432308698496,7.19));
#2560=CARTESIAN_POINT('',(-1.46566383257031,-0.438848920863309,7.19));
#2561=CARTESIAN_POINT('',(-0.937213865271419,-0.156638325703074,7.19));
#2562=CARTESIAN_POINT('',(-0.937213865271419,-0.156638325703074,7.19));
#2563=CARTESIAN_POINT('',(-0.937213865271419,-0.156638325703074,7.19));
#2564=CARTESIAN_POINT('',(-0.937213865271419,-0.156638325703074,7.19));
#2565=CARTESIAN_POINT('',(-1.35382603008502,-0.156638325703074,7.19));
#2566=CARTESIAN_POINT('',(-1.35382603008502,-0.156638325703074,7.19));
#2567=CARTESIAN_POINT('',(-1.35382603008502,-0.156638325703074,7.19));
#2568=CARTESIAN_POINT('',(-1.35382603008502,-0.156638325703074,7.19));
#2569=CARTESIAN_POINT('',(-1.35382603008502,-0.156638325703074,7.19));
#2570=CARTESIAN_POINT('',(-1.35382603008502,-0.0598430346631783,7.19));
#2571=CARTESIAN_POINT('',(-1.35382603008502,-0.0598430346631783,7.19));
#2572=CARTESIAN_POINT('',(-1.35382603008502,-0.0598430346631783,7.19));
#2573=CARTESIAN_POINT('',(-1.35382603008502,-0.0598430346631783,7.19));
#2574=CARTESIAN_POINT('',(-1.35382603008502,-0.0598430346631783,7.19));
#2575=CARTESIAN_POINT('',(-0.937213865271419,-0.0598430346631783,7.19));
#2576=CARTESIAN_POINT('',(-0.937213865271419,-0.0598430346631783,7.19));
#2577=CARTESIAN_POINT('',(-0.937213865271419,-0.0598430346631783,7.19));
#2578=CARTESIAN_POINT('',(-0.937213865271419,-0.0598430346631783,7.19));
#2579=CARTESIAN_POINT('',(-0.937213865271419,-0.0598430346631783,7.19));
#2580=CARTESIAN_POINT('',(-0.937213865271419,-0.156638325703074,7.19));
#2581=CARTESIAN_POINT('',(-1.14551994767822,-0.156638325703074,7.19));
#2582=CARTESIAN_POINT('',(-0.156311314584696,-0.380313930673643,7.19));
#2583=CARTESIAN_POINT('',(-0.156311314584696,-0.380313930673643,7.19));
#2584=CARTESIAN_POINT('',(-0.156311314584696,-0.380313930673643,7.19));
#2585=CARTESIAN_POINT('',(-0.156311314584696,-0.380313930673643,7.19));
#2586=CARTESIAN_POINT('',(-0.155003270111184,-0.410616960976673,7.19));
#2587=CARTESIAN_POINT('',(-0.153695225637671,-0.440919991279703,7.19));
#2588=CARTESIAN_POINT('',(-0.152387181164159,-0.471223021582734,7.19));
#2589=CARTESIAN_POINT('',(-0.152387181164159,-0.471223021582734,7.19));
#2590=CARTESIAN_POINT('',(-0.152387181164159,-0.471223021582734,7.19));
#2591=CARTESIAN_POINT('',(-0.152387181164159,-0.471223021582734,7.19));
#2592=CARTESIAN_POINT('',(-0.152387181164159,-0.471223021582734,7.2));
#2593=CARTESIAN_POINT('',(-0.254725985511782,-0.491832919680519,7.19));
#2594=CARTESIAN_POINT('',(-0.254725985511782,-0.491832919680519,7.2));
#2595=CARTESIAN_POINT('',(-0.442419388156079,-0.505494784591574,7.19));
#2596=CARTESIAN_POINT('',(-0.442419388156079,-0.505494784591574,7.2));
#2597=CARTESIAN_POINT('',(-0.59507351994927,-0.493922085000997,7.19));
#2598=CARTESIAN_POINT('',(-0.59507351994927,-0.493922085000997,7.2));
#2599=CARTESIAN_POINT('',(-0.711140667690259,-0.362156650570339,7.19));
#2600=CARTESIAN_POINT('',(-0.711140667690259,-0.362156650570339,7.2));
#2601=CARTESIAN_POINT('',(-0.747727799818971,-0.252854166438199,7.19));
#2602=CARTESIAN_POINT('',(-0.747727799818971,-0.252854166438199,7.2));
#2603=CARTESIAN_POINT('',(-0.766919453600754,-0.090175219270916,7.19));
#2604=CARTESIAN_POINT('',(-0.766919453600754,-0.090175219270916,7.2));
#2605=CARTESIAN_POINT('',(-0.760359254488332,0.117739829663189,7.19));
#2606=CARTESIAN_POINT('',(-0.760359254488332,0.117739829663189,7.2));
#2607=CARTESIAN_POINT('',(-0.745145738644608,0.266902597299135,7.19));
#2608=CARTESIAN_POINT('',(-0.745145738644608,0.266902597299135,7.2));
#2609=CARTESIAN_POINT('',(-0.632061454638178,0.467164553946077,7.19));
#2610=CARTESIAN_POINT('',(-0.632061454638178,0.467164553946077,7.2));
#2611=CARTESIAN_POINT('',(-0.443240849607705,0.485077842418784,7.19));
#2612=CARTESIAN_POINT('',(-0.443240849607705,0.485077842418784,7.2));
#2613=CARTESIAN_POINT('',(-0.259748449329635,0.4695219672763,7.19));
#2614=CARTESIAN_POINT('',(-0.259748449329635,0.4695219672763,7.2));
#2615=CARTESIAN_POINT('',(-0.152387181164159,0.448332243296272,7.19));
#2616=CARTESIAN_POINT('',(-0.152387181164159,0.448332243296272,7.2));
#2617=CARTESIAN_POINT('',(-0.152387181164159,-0.471223021582734,7.19));
#2618=CARTESIAN_POINT('',(-0.246566383257031,-0.490189666448659,7.19));
#2619=CARTESIAN_POINT('',(-0.331589274035317,-0.5,7.19));
#2620=CARTESIAN_POINT('',(-0.482014388489208,-0.5,7.19));
#2621=CARTESIAN_POINT('',(-0.542838456507521,-0.489535644211903,7.19));
#2622=CARTESIAN_POINT('',(-0.589274035317201,-0.469260954872466,7.19));
#2623=CARTESIAN_POINT('',(-0.635949451338326,-0.448881547877326,7.19));
#2624=CARTESIAN_POINT('',(-0.671026814911707,-0.416285153695226,7.19));
#2625=CARTESIAN_POINT('',(-0.696533682145193,-0.373119686069326,7.19));
#2626=CARTESIAN_POINT('',(-0.722157732535953,-0.329755908484962,7.19));
#2627=CARTESIAN_POINT('',(-0.739045127534336,-0.279594506213211,7.19));
#2628=CARTESIAN_POINT('',(-0.758665794637018,-0.16710268149117,7.19));
#2629=CARTESIAN_POINT('',(-0.76324395029431,-0.0964682799215171,7.19));
#2630=CARTESIAN_POINT('',(-0.76324395029431,0.0716154349247875,7.19));
#2631=CARTESIAN_POINT('',(-0.758665794637018,0.142903858731197,7.19));
#2632=CARTESIAN_POINT('',(-0.748855461085677,0.199803793328973,7.19));
#2633=CARTESIAN_POINT('',(-0.738935620346888,0.257338869613946,7.19));
#2634=CARTESIAN_POINT('',(-0.721386527141923,0.307717462393721,7.19));
#2635=CARTESIAN_POINT('',(-0.696533682145193,0.351536952256377,7.19));
#2636=CARTESIAN_POINT('',(-0.671241000855752,0.396131942950918,7.19));
#2637=CARTESIAN_POINT('',(-0.63570961412688,0.428057553956835,7.19));
#2638=CARTESIAN_POINT('',(-0.589928057553957,0.447678221059516,7.19));
#2639=CARTESIAN_POINT('',(-0.543909699826346,0.46740037437135,7.19));
#2640=CARTESIAN_POINT('',(-0.484630477436233,0.478417266187051,7.19));
#2641=CARTESIAN_POINT('',(-0.337475474166122,0.478417266187051,7.19));
#2642=CARTESIAN_POINT('',(-0.251798561151079,0.467952910398954,7.19));
#2643=CARTESIAN_POINT('',(-0.152387181164159,0.448332243296272,7.19));
#2644=CARTESIAN_POINT('',(-0.152387181164159,0.448332243296272,7.19));
#2645=CARTESIAN_POINT('',(-0.152387181164159,0.448332243296272,7.19));
#2646=CARTESIAN_POINT('',(-0.152387181164159,0.448332243296272,7.19));
#2647=CARTESIAN_POINT('',(-0.152387181164159,0.448332243296272,7.19));
#2648=CARTESIAN_POINT('',(-0.153695225637671,0.418465227817746,7.19));
#2649=CARTESIAN_POINT('',(-0.155003270111184,0.38859821233922,7.19));
#2650=CARTESIAN_POINT('',(-0.156311314584696,0.358731196860693,7.19));
#2651=CARTESIAN_POINT('',(-0.156311314584696,0.358731196860693,7.19));
#2652=CARTESIAN_POINT('',(-0.156311314584696,0.358731196860693,7.19));
#2653=CARTESIAN_POINT('',(-0.156311314584696,0.358731196860693,7.19));
#2654=CARTESIAN_POINT('',(-0.156311314584696,0.358731196860693,7.2));
#2655=CARTESIAN_POINT('',(-0.330102100650473,0.389328166238471,7.19));
#2656=CARTESIAN_POINT('',(-0.330102100650473,0.389328166238471,7.2));
#2657=CARTESIAN_POINT('',(-0.548767925765644,0.398898020464705,7.19));
#2658=CARTESIAN_POINT('',(-0.548767925765644,0.398898020464705,7.2));
#2659=CARTESIAN_POINT('',(-0.636473969612008,0.249352881905847,7.19));
#2660=CARTESIAN_POINT('',(-0.636473969612008,0.249352881905847,7.2));
#2661=CARTESIAN_POINT('',(-0.656415590408837,0.0453004256456997,7.19));
#2662=CARTESIAN_POINT('',(-0.656415590408837,0.0453004256456997,7.2));
#2663=CARTESIAN_POINT('',(-0.651182748974688,-0.141691250961678,7.19));
#2664=CARTESIAN_POINT('',(-0.651182748974688,-0.141691250961678,7.2));
#2665=CARTESIAN_POINT('',(-0.63832075332976,-0.227990415645404,7.19));
#2666=CARTESIAN_POINT('',(-0.63832075332976,-0.227990415645404,7.2));
#2667=CARTESIAN_POINT('',(-0.620062416172377,-0.302150656981906,7.19));
#2668=CARTESIAN_POINT('',(-0.620062416172377,-0.302150656981906,7.2));
#2669=CARTESIAN_POINT('',(-0.519815431538358,-0.413051900332617,7.19));
#2670=CARTESIAN_POINT('',(-0.519815431538358,-0.413051900332617,7.2));
#2671=CARTESIAN_POINT('',(-0.413391798639175,-0.405812377812567,7.19));
#2672=CARTESIAN_POINT('',(-0.413391798639175,-0.405812377812567,7.2));
#2673=CARTESIAN_POINT('',(-0.248029163150426,-0.397298717445074,7.19));
#2674=CARTESIAN_POINT('',(-0.248029163150426,-0.397298717445074,7.2));
#2675=CARTESIAN_POINT('',(-0.156311314584696,-0.380313930673643,7.19));
#2676=CARTESIAN_POINT('',(-0.156311314584696,-0.380313930673643,7.2));
#2677=CARTESIAN_POINT('',(-0.156311314584696,0.358731196860693,7.19));
#2678=CARTESIAN_POINT('',(-0.249182472204055,0.375081752779595,7.19));
#2679=CARTESIAN_POINT('',(-0.331589274035317,0.383584041857423,7.19));
#2680=CARTESIAN_POINT('',(-0.50490516677567,0.383584041857423,7.19));
#2681=CARTESIAN_POINT('',(-0.571615434924787,0.353499018966645,7.19));
#2682=CARTESIAN_POINT('',(-0.637017658600392,0.233158927403532,7.19));
#2683=CARTESIAN_POINT('',(-0.653368214519293,0.131131458469588,7.19));
#2684=CARTESIAN_POINT('',(-0.653368214519293,-0.0860039241334205,7.19));
#2685=CARTESIAN_POINT('',(-0.650098103335513,-0.144211903204709,7.19));
#2686=CARTESIAN_POINT('',(-0.638325703073905,-0.231850882930019,7.19));
#2687=CARTESIAN_POINT('',(-0.626553302812295,-0.271746239372138,7.19));
#2688=CARTESIAN_POINT('',(-0.608894702419882,-0.307063440156965,7.19));
#2689=CARTESIAN_POINT('',(-0.591366906474819,-0.342119032047089,7.19));
#2690=CARTESIAN_POINT('',(-0.566383257030739,-0.367233485938522,7.19));
#2691=CARTESIAN_POINT('',(-0.53302812295618,-0.382275997383911,7.19));
#2692=CARTESIAN_POINT('',(-0.499427887257432,-0.397429044855896,7.19));
#2693=CARTESIAN_POINT('',(-0.450621321124918,-0.405166775670373,7.19));
#2694=CARTESIAN_POINT('',(-0.32112491824722,-0.405166775670373,7.19));
#2695=CARTESIAN_POINT('',(-0.244604316546762,-0.396664486592544,7.19));
#2696=CARTESIAN_POINT('',(-0.156311314584696,-0.380313930673643,7.19));
#2697=CARTESIAN_POINT('',(-0.763133416081465,-0.0344267818901544,7.19));
#2698=CARTESIAN_POINT('',(0.0893609302930656,0.00665831685246467,7.19));
#2699=CARTESIAN_POINT('',(0.0893609302930656,0.00665831685246467,7.2));
#2700=CARTESIAN_POINT('',(0.0724155999955103,-0.141218031743758,7.19));
#2701=CARTESIAN_POINT('',(0.0724155999955103,-0.141218031743758,7.2));
#2702=CARTESIAN_POINT('',(0.091990054065892,-0.32856426620354,7.19));
#2703=CARTESIAN_POINT('',(0.091990054065892,-0.32856426620354,7.2));
#2704=CARTESIAN_POINT('',(0.139767130019398,-0.398310988138431,7.19));
#2705=CARTESIAN_POINT('',(0.139767130019398,-0.398310988138431,7.2));
#2706=CARTESIAN_POINT('',(0.304599160654365,-0.420667884381887,7.19));
#2707=CARTESIAN_POINT('',(0.304599160654365,-0.420667884381887,7.2));
#2708=CARTESIAN_POINT('',(0.415686065470839,-0.377906434161702,7.19));
#2709=CARTESIAN_POINT('',(0.415686065470839,-0.377906434161702,7.2));
#2710=CARTESIAN_POINT('',(0.442562091849465,-0.301142376271512,7.19));
#2711=CARTESIAN_POINT('',(0.442562091849465,-0.301142376271512,7.2));
#2712=CARTESIAN_POINT('',(0.458717809075609,-0.180409732207781,7.19));
#2713=CARTESIAN_POINT('',(0.458717809075609,-0.180409732207781,7.2));
#2714=CARTESIAN_POINT('',(0.450693518756323,-0.0253001795404267,7.19));
#2715=CARTESIAN_POINT('',(0.450693518756323,-0.0253001795404267,7.2));
#2716=CARTESIAN_POINT('',(0.429824275989087,0.074308519702051,7.19));
#2717=CARTESIAN_POINT('',(0.429824275989087,0.074308519702051,7.2));
#2718=CARTESIAN_POINT('',(0.304679547745467,0.147653786053224,7.19));
#2719=CARTESIAN_POINT('',(0.304679547745467,0.147653786053224,7.2));
#2720=CARTESIAN_POINT('',(0.114823621446657,0.0969720592965965,7.19));
#2721=CARTESIAN_POINT('',(0.114823621446657,0.0969720592965965,7.2));
#2722=CARTESIAN_POINT('',(0.0893609302930656,0.00665831685246467,7.19));
#2723=CARTESIAN_POINT('',(0.0893609302930656,0.00665831685246467,7.2));
#2724=CARTESIAN_POINT('',(0.0724155999955103,-0.141218031743758,7.19));
#2725=CARTESIAN_POINT('',(0.0724155999955103,-0.141218031743758,7.2));
#2726=CARTESIAN_POINT('',(0.091990054065892,-0.32856426620354,7.19));
#2727=CARTESIAN_POINT('',(0.091990054065892,-0.32856426620354,7.2));
#2728=CARTESIAN_POINT('',(0.078482668410726,-0.13897972531066,7.19));
#2729=CARTESIAN_POINT('',(0.078482668410726,-0.239699149771092,7.19));
#2730=CARTESIAN_POINT('',(0.0902550686723356,-0.309679529103989,7.19));
#2731=CARTESIAN_POINT('',(0.138652714192283,-0.39077828646174,7.19));
#2732=CARTESIAN_POINT('',(0.189666448659255,-0.410398953564421,7.19));
#2733=CARTESIAN_POINT('',(0.344669718770438,-0.410398953564421,7.19));
#2734=CARTESIAN_POINT('',(0.39568345323741,-0.39077828646174,7.19));
#2735=CARTESIAN_POINT('',(0.419228253760628,-0.350882930019621,7.19));
#2736=CARTESIAN_POINT('',(0.442942002423937,-0.310701300340126,7.19));
#2737=CARTESIAN_POINT('',(0.45519947678221,-0.241007194244604,7.19));
#2738=CARTESIAN_POINT('',(0.45519947678221,-0.039568345323741,7.19));
#2739=CARTESIAN_POINT('',(0.441465009810334,0.0304120340091564,7.19));
#2740=CARTESIAN_POINT('',(0.415304120340092,0.0683453237410074,7.19));
#2741=CARTESIAN_POINT('',(0.388932425958727,0.106584280593985,7.19));
#2742=CARTESIAN_POINT('',(0.33943754087639,0.125245258338784,7.19));
#2743=CARTESIAN_POINT('',(0.195552648790059,0.125245258338784,7.19));
#2744=CARTESIAN_POINT('',(0.145846958796599,0.106278613472858,7.19));
#2745=CARTESIAN_POINT('',(0.119032047089601,0.0683453237410074,7.19));
#2746=CARTESIAN_POINT('',(0.0919992143954894,0.0301037555395819,7.19));
#2747=CARTESIAN_POINT('',(0.078482668410726,-0.0389143230869848,7.19));
#2748=CARTESIAN_POINT('',(0.078482668410726,-0.13897972531066,7.19));
#2749=CARTESIAN_POINT('',(0.078482668410726,-0.13897972531066,7.19));
#2750=CARTESIAN_POINT('',(0.078482668410726,-0.13897972531066,7.2));
#2751=CARTESIAN_POINT('',(0.078482668410726,-0.239699149771092,7.2));
#2752=CARTESIAN_POINT('',(0.0902550686723356,-0.309679529103989,7.2));
#2753=CARTESIAN_POINT('',(0.138652714192283,-0.39077828646174,7.2));
#2754=CARTESIAN_POINT('',(0.189666448659255,-0.410398953564421,7.2));
#2755=CARTESIAN_POINT('',(0.344669718770438,-0.410398953564421,7.2));
#2756=CARTESIAN_POINT('',(0.39568345323741,-0.39077828646174,7.2));
#2757=CARTESIAN_POINT('',(0.419228253760628,-0.350882930019621,7.2));
#2758=CARTESIAN_POINT('',(0.442942002423937,-0.310701300340126,7.2));
#2759=CARTESIAN_POINT('',(0.45519947678221,-0.241007194244604,7.2));
#2760=CARTESIAN_POINT('',(0.45519947678221,-0.039568345323741,7.2));
#2761=CARTESIAN_POINT('',(0.441465009810334,0.0304120340091564,7.2));
#2762=CARTESIAN_POINT('',(0.415304120340092,0.0683453237410074,7.2));
#2763=CARTESIAN_POINT('',(0.388932425958727,0.106584280593985,7.2));
#2764=CARTESIAN_POINT('',(0.33943754087639,0.125245258338784,7.2));
#2765=CARTESIAN_POINT('',(0.195552648790059,0.125245258338784,7.2));
#2766=CARTESIAN_POINT('',(0.145846958796599,0.106278613472858,7.2));
#2767=CARTESIAN_POINT('',(0.119032047089601,0.0683453237410074,7.2));
#2768=CARTESIAN_POINT('',(0.0919992143954894,0.0301037555395819,7.2));
#2769=CARTESIAN_POINT('',(0.078482668410726,-0.0389143230869848,7.2));
#2770=CARTESIAN_POINT('',(0.078482668410726,-0.13897972531066,7.2));
#2771=CARTESIAN_POINT('',(0.078482668410726,-0.13897972531066,7.2));
#2772=CARTESIAN_POINT('',(-0.0140670442117117,-0.329959010635452,7.19));
#2773=CARTESIAN_POINT('',(-0.0140670442117117,-0.329959010635452,7.2));
#2774=CARTESIAN_POINT('',(-0.0336193759419643,-0.150509215510531,7.19));
#2775=CARTESIAN_POINT('',(-0.0336193759419643,-0.150509215510531,7.2));
#2776=CARTESIAN_POINT('',(-0.0162366286861257,0.0244151371172835,7.19));
#2777=CARTESIAN_POINT('',(-0.0162366286861257,0.0244151371172835,7.2));
#2778=CARTESIAN_POINT('',(0.0343741826381561,0.15502408727257,7.19));
#2779=CARTESIAN_POINT('',(0.0343741826381561,0.15502408727257,7.2));
#2780=CARTESIAN_POINT('',(0.18415546670426,0.22531140060392,7.19));
#2781=CARTESIAN_POINT('',(0.18415546670426,0.22531140060392,7.2));
#2782=CARTESIAN_POINT('',(0.392789963547709,0.207342418113203,7.19));
#2783=CARTESIAN_POINT('',(0.392789963547709,0.207342418113203,7.2));
#2784=CARTESIAN_POINT('',(0.527196484865017,0.128671231343149,7.19));
#2785=CARTESIAN_POINT('',(0.527196484865017,0.128671231343149,7.2));
#2786=CARTESIAN_POINT('',(0.568360516671196,-0.0362666580609623,7.19));
#2787=CARTESIAN_POINT('',(0.568360516671196,-0.0362666580609623,7.2));
#2788=CARTESIAN_POINT('',(0.55545630754642,-0.287753568721128,7.19));
#2789=CARTESIAN_POINT('',(0.55545630754642,-0.287753568721128,7.2));
#2790=CARTESIAN_POINT('',(0.510018964623366,-0.433286451394756,7.19));
#2791=CARTESIAN_POINT('',(0.510018964623366,-0.433286451394756,7.2));
#2792=CARTESIAN_POINT('',(0.367326264142822,-0.510485230678031,7.19));
#2793=CARTESIAN_POINT('',(0.367326264142822,-0.510485230678031,7.2));
#2794=CARTESIAN_POINT('',(0.139143937459819,-0.494683321838538,7.19));
#2795=CARTESIAN_POINT('',(0.139143937459819,-0.494683321838538,7.2));
#2796=CARTESIAN_POINT('',(0.0347821913132899,-0.432787416453508,7.19));
#2797=CARTESIAN_POINT('',(0.0347821913132899,-0.432787416453508,7.2));
#2798=CARTESIAN_POINT('',(-0.0140670442117117,-0.329959010635452,7.19));
#2799=CARTESIAN_POINT('',(-0.0140670442117117,-0.329959010635452,7.2));
#2800=CARTESIAN_POINT('',(-0.0336193759419643,-0.150509215510531,7.19));
#2801=CARTESIAN_POINT('',(-0.0336193759419643,-0.150509215510531,7.2));
#2802=CARTESIAN_POINT('',(-0.0162366286861257,0.0244151371172835,7.19));
#2803=CARTESIAN_POINT('',(-0.0162366286861257,0.0244151371172835,7.2));
#2804=CARTESIAN_POINT('',(-0.0274689339437536,-0.141595814257685,7.19));
#2805=CARTESIAN_POINT('',(-0.0274689339437536,-0.016023544800523,7.19));
#2806=CARTESIAN_POINT('',(-0.005232177894048,0.0748855461085679,7.19));
#2807=CARTESIAN_POINT('',(0.0398953564421192,0.130477436232832,7.19));
#2808=CARTESIAN_POINT('',(0.0850831311044486,0.186143535454542,7.19));
#2809=CARTESIAN_POINT('',(0.160235448005232,0.214192282537606,7.19));
#2810=CARTESIAN_POINT('',(0.374100719424461,0.214192282537606,7.19));
#2811=CARTESIAN_POINT('',(0.449967298888163,0.186723348593852,7.19));
#2812=CARTESIAN_POINT('',(0.494440810987574,0.130477436232832,7.19));
#2813=CARTESIAN_POINT('',(0.538596126577788,0.0746339488687375,7.19));
#2814=CARTESIAN_POINT('',(0.561151079136691,-0.016023544800523,7.19));
#2815=CARTESIAN_POINT('',(0.561151079136691,-0.267168083714846,7.19));
#2816=CARTESIAN_POINT('',(0.540222367560497,-0.358077174623937,7.19));
#2817=CARTESIAN_POINT('',(0.497710922171355,-0.414977109221713,7.19));
#2818=CARTESIAN_POINT('',(0.455433769130041,-0.471563452523165,7.19));
#2819=CARTESIAN_POINT('',(0.378678875081754,-0.5,7.19));
#2820=CARTESIAN_POINT('',(0.155003270111184,-0.5,7.19));
#2821=CARTESIAN_POINT('',(0.0778286461739701,-0.47187704381949,7.19));
#2822=CARTESIAN_POINT('',(0.0353172007848267,-0.414977109221713,7.19));
#2823=CARTESIAN_POINT('',(-0.0069599522564876,-0.358390765920262,7.19));
#2824=CARTESIAN_POINT('',(-0.0274689339437536,-0.267168083714846,7.19));
#2825=CARTESIAN_POINT('',(-0.0274689339437536,-0.141595814257685,7.19));
#2826=CARTESIAN_POINT('',(-0.0274689339437536,-0.141595814257685,7.19));
#2827=CARTESIAN_POINT('',(0.561134701782603,-0.147652406077329,7.19));
#2828=CARTESIAN_POINT('',(0.,0.,7.2));
#2829=CARTESIAN_POINT('',(1.15565729234794,0.5,7.19));
#2830=CARTESIAN_POINT('',(1.15565729234794,0.5,7.19));
#2831=CARTESIAN_POINT('',(1.15565729234794,0.5,7.19));
#2832=CARTESIAN_POINT('',(1.15565729234794,0.5,7.19));
#2833=CARTESIAN_POINT('',(1.189448441247,0.5,7.19));
#2834=CARTESIAN_POINT('',(1.22323959014606,0.5,7.19));
#2835=CARTESIAN_POINT('',(1.25703073904513,0.5,7.19));
#2836=CARTESIAN_POINT('',(1.25703073904513,0.5,7.19));
#2837=CARTESIAN_POINT('',(1.25703073904513,0.5,7.19));
#2838=CARTESIAN_POINT('',(1.25703073904513,0.5,7.19));
#2839=CARTESIAN_POINT('',(1.25703073904513,0.5,7.19));
#2840=CARTESIAN_POINT('',(1.25703073904513,0.171244822323959,7.19));
#2841=CARTESIAN_POINT('',(1.25703073904513,-0.157510355352082,7.19));
#2842=CARTESIAN_POINT('',(1.25703073904513,-0.486265533028123,7.19));
#2843=CARTESIAN_POINT('',(1.25703073904513,-0.486265533028123,7.19));
#2844=CARTESIAN_POINT('',(1.25703073904513,-0.486265533028123,7.19));
#2845=CARTESIAN_POINT('',(1.25703073904513,-0.486265533028123,7.19));
#2846=CARTESIAN_POINT('',(1.25703073904513,-0.486265533028123,7.19));
#2847=CARTESIAN_POINT('',(1.22323959014606,-0.486265533028123,7.19));
#2848=CARTESIAN_POINT('',(1.189448441247,-0.486265533028123,7.19));
#2849=CARTESIAN_POINT('',(1.15565729234794,-0.486265533028123,7.19));
#2850=CARTESIAN_POINT('',(1.15565729234794,-0.486265533028123,7.19));
#2851=CARTESIAN_POINT('',(1.15565729234794,-0.486265533028123,7.19));
#2852=CARTESIAN_POINT('',(1.15565729234794,-0.486265533028123,7.19));
#2853=CARTESIAN_POINT('',(1.15565729234794,-0.486265533028123,7.19));
#2854=CARTESIAN_POINT('',(1.15565729234794,-0.470568999345978,7.19));
#2855=CARTESIAN_POINT('',(1.15565729234794,-0.454872465663832,7.19));
#2856=CARTESIAN_POINT('',(1.15565729234794,-0.439175931981687,7.19));
#2857=CARTESIAN_POINT('',(1.15565729234794,-0.439175931981687,7.19));
#2858=CARTESIAN_POINT('',(1.15565729234794,-0.439175931981687,7.19));
#2859=CARTESIAN_POINT('',(1.15565729234794,-0.439175931981687,7.19));
#2860=CARTESIAN_POINT('',(1.15565729234794,-0.439175931981687,7.2));
#2861=CARTESIAN_POINT('',(1.02952073460767,-0.511587659573323,7.19));
#2862=CARTESIAN_POINT('',(1.02952073460767,-0.511587659573323,7.2));
#2863=CARTESIAN_POINT('',(0.827733569014035,-0.517644362386219,7.19));
#2864=CARTESIAN_POINT('',(0.827733569014035,-0.517644362386219,7.2));
#2865=CARTESIAN_POINT('',(0.714692619413422,-0.371809370886641,7.19));
#2866=CARTESIAN_POINT('',(0.714692619413422,-0.371809370886641,7.2));
#2867=CARTESIAN_POINT('',(0.690591850871758,-0.159330436394051,7.19));
#2868=CARTESIAN_POINT('',(0.690591850871758,-0.159330436394051,7.2));
#2869=CARTESIAN_POINT('',(0.717870246774754,0.0551803665768168,7.19));
#2870=CARTESIAN_POINT('',(0.717870246774754,0.0551803665768168,7.2));
#2871=CARTESIAN_POINT('',(0.781968400942986,0.176595702576668,7.19));
#2872=CARTESIAN_POINT('',(0.781968400942986,0.176595702576668,7.2));
#2873=CARTESIAN_POINT('',(0.98422164667859,0.228175484723395,7.19));
#2874=CARTESIAN_POINT('',(0.98422164667859,0.228175484723395,7.2));
#2875=CARTESIAN_POINT('',(1.09378832278195,0.208771500301104,7.19));
#2876=CARTESIAN_POINT('',(1.09378832278195,0.208771500301104,7.2));
#2877=CARTESIAN_POINT('',(1.15565729234794,0.196533682145193,7.19));
#2878=CARTESIAN_POINT('',(1.15565729234794,0.196533682145193,7.2));
#2879=CARTESIAN_POINT('',(1.15565729234794,-0.439175931981687,7.19));
#2880=CARTESIAN_POINT('',(1.08502289077829,-0.479725310660562,7.19));
#2881=CARTESIAN_POINT('',(1.01504251144539,-0.5,7.19));
#2882=CARTESIAN_POINT('',(0.909744931327665,-0.5,7.19));
#2883=CARTESIAN_POINT('',(0.877697841726619,-0.495421844342708,7.19));
#2884=CARTESIAN_POINT('',(0.822759973839111,-0.477109221713538,7.19));
#2885=CARTESIAN_POINT('',(0.797253106605624,-0.460758665794637,7.19));
#2886=CARTESIAN_POINT('',(0.773054283845651,-0.436559843034663,7.19));
#2887=CARTESIAN_POINT('',(0.72367560497057,-0.387181164159581,7.19));
#2888=CARTESIAN_POINT('',(0.699149771092217,-0.295945062132112,7.19));
#2889=CARTESIAN_POINT('',(0.699149771092217,-0.0297580117724001,7.19));
#2890=CARTESIAN_POINT('',(0.721386527141923,0.0663832570307391,7.19));
#2891=CARTESIAN_POINT('',(0.765860039241334,0.12589928057554,7.19));
#2892=CARTESIAN_POINT('',(0.809785601830958,0.184682018746949,7.19));
#2893=CARTESIAN_POINT('',(0.883584041857423,0.214192282537606,7.19));
#2894=CARTESIAN_POINT('',(0.986265533028123,0.214846304774363,7.19));
#2895=CARTESIAN_POINT('',(1.03988901521232,0.2151878556163,7.19));
#2896=CARTESIAN_POINT('',(1.09614126880314,0.208306082406802,7.19));
#2897=CARTESIAN_POINT('',(1.15565729234794,0.196533682145193,7.19));
#2898=CARTESIAN_POINT('',(1.15565729234794,0.196533682145193,7.19));
#2899=CARTESIAN_POINT('',(1.15565729234794,0.196533682145193,7.19));
#2900=CARTESIAN_POINT('',(1.15565729234794,-0.356769130150425,7.19));
#2901=CARTESIAN_POINT('',(1.15565729234794,-0.356769130150425,7.2));
#2902=CARTESIAN_POINT('',(1.15565729234794,-0.201547852626989,7.2));
#2903=CARTESIAN_POINT('',(1.15565729234794,-0.0463265751035534,7.2));
#2904=CARTESIAN_POINT('',(1.15565729234794,0.108894702419882,7.2));
#2905=CARTESIAN_POINT('',(1.15565729234794,-0.356769130150425,7.2));
#2906=CARTESIAN_POINT('',(1.15565729234794,0.108894702419882,7.2));
#2907=CARTESIAN_POINT('',(1.15565729234794,-0.356769130150425,7.19));
#2908=CARTESIAN_POINT('',(1.15565729234794,-0.356769130150425,7.19));
#2909=CARTESIAN_POINT('',(1.15565729234794,-0.356769130150425,7.19));
#2910=CARTESIAN_POINT('',(1.15565729234794,-0.201547852626989,7.19));
#2911=CARTESIAN_POINT('',(1.15565729234794,-0.0463265751035534,7.19));
#2912=CARTESIAN_POINT('',(1.15565729234794,0.108894702419882,7.19));
#2913=CARTESIAN_POINT('',(1.15565729234794,0.108894702419882,7.19));
#2914=CARTESIAN_POINT('',(1.15565729234794,0.108894702419882,7.19));
#2915=CARTESIAN_POINT('',(1.15565729234794,0.108894702419882,7.19));
#2916=CARTESIAN_POINT('',(1.15565729234794,0.108894702419882,7.2));
#2917=CARTESIAN_POINT('',(1.0006445232586,0.136452528035765,7.19));
#2918=CARTESIAN_POINT('',(1.0006445232586,0.136452528035765,7.2));
#2919=CARTESIAN_POINT('',(0.818762561385941,0.148430280443127,7.19));
#2920=CARTESIAN_POINT('',(0.818762561385941,0.148430280443127,7.2));
#2921=CARTESIAN_POINT('',(0.795866055234974,-0.207021409237147,7.19));
#2922=CARTESIAN_POINT('',(0.795866055234974,-0.207021409237147,7.2));
#2923=CARTESIAN_POINT('',(0.825603672214865,-0.331522387978346,7.19));
#2924=CARTESIAN_POINT('',(0.825603672214865,-0.331522387978346,7.2));
#2925=CARTESIAN_POINT('',(0.852844996729889,-0.362655330281229,7.19));
#2926=CARTESIAN_POINT('',(0.852844996729889,-0.362655330281229,7.2));
#2927=CARTESIAN_POINT('',(1.15565729234794,0.108894702419882,7.2));
#2928=CARTESIAN_POINT('',(1.0967952910399,0.119359058207979,7.2));
#2929=CARTESIAN_POINT('',(1.04251144538914,0.125245258338784,7.2));
#2930=CARTESIAN_POINT('',(0.92217135382603,0.125245258338784,7.2));
#2931=CARTESIAN_POINT('',(0.873773708306083,0.103008502289078,7.2));
#2932=CARTESIAN_POINT('',(0.818835840418575,0.0140614780902552,7.2));
#2933=CARTESIAN_POINT('',(0.805101373446698,-0.0546108567691301,7.2));
#2934=CARTESIAN_POINT('',(0.805101373446698,-0.254741661216481,7.2));
#2935=CARTESIAN_POINT('',(0.820797907128842,-0.326030085022891,7.2));
#2936=CARTESIAN_POINT('',(0.852844996729889,-0.362655330281229,7.2));
#2937=CARTESIAN_POINT('',(0.852844996729889,-0.362655330281229,7.2));
#2938=CARTESIAN_POINT('',(1.15565729234794,0.108894702419882,7.19));
#2939=CARTESIAN_POINT('',(1.0967952910399,0.119359058207979,7.19));
#2940=CARTESIAN_POINT('',(1.04251144538914,0.125245258338784,7.19));
#2941=CARTESIAN_POINT('',(0.92217135382603,0.125245258338784,7.19));
#2942=CARTESIAN_POINT('',(0.873773708306083,0.103008502289078,7.19));
#2943=CARTESIAN_POINT('',(0.818835840418575,0.0140614780902552,7.19));
#2944=CARTESIAN_POINT('',(0.805101373446698,-0.0546108567691301,7.19));
#2945=CARTESIAN_POINT('',(0.805101373446698,-0.254741661216481,7.19));
#2946=CARTESIAN_POINT('',(0.820797907128842,-0.326030085022891,7.19));
#2947=CARTESIAN_POINT('',(0.852844996729889,-0.362655330281229,7.19));
#2948=CARTESIAN_POINT('',(0.852844996729889,-0.362655330281229,7.19));
#2949=CARTESIAN_POINT('',(0.852844996729889,-0.362655330281229,7.19));
#2950=CARTESIAN_POINT('',(0.852844996729889,-0.362655330281229,7.19));
#2951=CARTESIAN_POINT('',(0.852844996729889,-0.362655330281229,7.2));
#2952=CARTESIAN_POINT('',(0.894684774118241,-0.410472218725058,7.19));
#2953=CARTESIAN_POINT('',(0.894684774118241,-0.410472218725058,7.2));
#2954=CARTESIAN_POINT('',(0.948093166211358,-0.418312109666407,7.19));
#2955=CARTESIAN_POINT('',(0.948093166211358,-0.418312109666407,7.2));
#2956=CARTESIAN_POINT('',(1.09356528811645,-0.385261203038125,7.19));
#2957=CARTESIAN_POINT('',(1.09356528811645,-0.385261203038125,7.2));
#2958=CARTESIAN_POINT('',(1.13099428194602,-0.367926206284626,7.19));
#2959=CARTESIAN_POINT('',(1.13099428194602,-0.367926206284626,7.2));
#2960=CARTESIAN_POINT('',(1.15565729234794,-0.356769130150425,7.19));
#2961=CARTESIAN_POINT('',(1.15565729234794,-0.356769130150425,7.2));
#2962=CARTESIAN_POINT('',(0.852844996729889,-0.362655330281229,7.2));
#2963=CARTESIAN_POINT('',(0.868119020471476,-0.38011135741447,7.2));
#2964=CARTESIAN_POINT('',(0.882930019620667,-0.392086330935252,7.2));
#2965=CARTESIAN_POINT('',(0.899280575539568,-0.398626553302812,7.2));
#2966=CARTESIAN_POINT('',(0.915969418822309,-0.405302090615908,7.2));
#2967=CARTESIAN_POINT('',(0.937213865271419,-0.407782864617397,7.2));
#2968=CARTESIAN_POINT('',(0.989535644211904,-0.407782864617397,7.2));
#2969=CARTESIAN_POINT('',(1.01896664486593,-0.403858731196861,7.2));
#2970=CARTESIAN_POINT('',(1.05166775670373,-0.394702419882276,7.2));
#2971=CARTESIAN_POINT('',(1.08419905564623,-0.385593656178375,7.2));
#2972=CARTESIAN_POINT('',(1.10987573577502,-0.377697841726619,7.2));
#2973=CARTESIAN_POINT('',(1.12818835840419,-0.36919555264879,7.2));
#2974=CARTESIAN_POINT('',(1.13730303556449,-0.364963738252935,7.2));
#2975=CARTESIAN_POINT('',(1.14650098103336,-0.360911270983213,7.2));
#2976=CARTESIAN_POINT('',(1.15565729234794,-0.356769130150425,7.2));
#2977=CARTESIAN_POINT('',(0.852844996729889,-0.362655330281229,7.19));
#2978=CARTESIAN_POINT('',(0.868119020471476,-0.38011135741447,7.19));
#2979=CARTESIAN_POINT('',(0.882930019620667,-0.392086330935252,7.19));
#2980=CARTESIAN_POINT('',(0.899280575539568,-0.398626553302812,7.19));
#2981=CARTESIAN_POINT('',(0.915969418822309,-0.405302090615908,7.19));
#2982=CARTESIAN_POINT('',(0.937213865271419,-0.407782864617397,7.19));
#2983=CARTESIAN_POINT('',(0.989535644211904,-0.407782864617397,7.19));
#2984=CARTESIAN_POINT('',(1.01896664486593,-0.403858731196861,7.19));
#2985=CARTESIAN_POINT('',(1.05166775670373,-0.394702419882276,7.19));
#2986=CARTESIAN_POINT('',(1.08419905564623,-0.385593656178375,7.19));
#2987=CARTESIAN_POINT('',(1.10987573577502,-0.377697841726619,7.19));
#2988=CARTESIAN_POINT('',(1.12818835840419,-0.36919555264879,7.19));
#2989=CARTESIAN_POINT('',(1.13730303556449,-0.364963738252935,7.19));
#2990=CARTESIAN_POINT('',(1.14650098103336,-0.360911270983213,7.19));
#2991=CARTESIAN_POINT('',(1.15565729234794,-0.356769130150425,7.19));
#2992=CARTESIAN_POINT('',(1.15565729234794,0.196533682145193,7.19));
#2993=CARTESIAN_POINT('',(1.15565729234794,0.196533682145193,7.19));
#2994=CARTESIAN_POINT('',(1.15565729234794,0.297689121430129,7.19));
#2995=CARTESIAN_POINT('',(1.15565729234794,0.398844560715065,7.19));
#2996=CARTESIAN_POINT('',(1.15565729234794,0.5,7.19));
#2997=CARTESIAN_POINT('',(0.699155044945868,-0.158991791647671,7.19));
#2998=CARTESIAN_POINT('',(0.,0.,7.2));
#2999=CARTESIAN_POINT('',(1.88620013080445,-0.103008502289078,7.19));
#3000=CARTESIAN_POINT('',(1.88620013080445,-0.103008502289078,7.2));
#3001=CARTESIAN_POINT('',(1.88620013080445,-0.0186396337475475,7.19));
#3002=CARTESIAN_POINT('',(1.88620013080445,-0.0186396337475475,7.2));
#3003=CARTESIAN_POINT('',(1.86566850415771,0.0962347005512469,7.19));
#3004=CARTESIAN_POINT('',(1.86566850415771,0.0962347005512469,7.2));
#3005=CARTESIAN_POINT('',(1.71476455199477,0.144375408763898,7.19));
#3006=CARTESIAN_POINT('',(1.71476455199477,0.144375408763898,7.2));
#3007=CARTESIAN_POINT('',(1.55650284966832,0.0934317481080082,7.19));
#3008=CARTESIAN_POINT('',(1.55650284966832,0.0934317481080082,7.2));
#3009=CARTESIAN_POINT('',(1.5297580117724,-0.022563767168083,7.19));
#3010=CARTESIAN_POINT('',(1.5297580117724,-0.022563767168083,7.2));
#3011=CARTESIAN_POINT('',(1.52844996729889,-0.103008502289078,7.19));
#3012=CARTESIAN_POINT('',(1.52844996729889,-0.103008502289078,7.2));
#3013=CARTESIAN_POINT('',(1.88620013080445,-0.103008502289078,7.2));
#3014=CARTESIAN_POINT('',(1.88620013080445,-0.0186396337475473,7.2));
#3015=CARTESIAN_POINT('',(1.87246566383257,0.0408763897972533,7.2));
#3016=CARTESIAN_POINT('',(1.81883584041857,0.110202746893394,7.2));
#3017=CARTESIAN_POINT('',(1.77436232831916,0.127861347285808,7.2));
#3018=CARTESIAN_POINT('',(1.65271419228254,0.127861347285808,7.2));
#3019=CARTESIAN_POINT('',(1.60693263570961,0.109548724656638,7.2));
#3020=CARTESIAN_POINT('',(1.54545454545455,0.0362982341399608,7.2));
#3021=CARTESIAN_POINT('',(1.5297580117724,-0.0225637671680836,7.2));
#3022=CARTESIAN_POINT('',(1.52844996729889,-0.103008502289078,7.2));
#3023=CARTESIAN_POINT('',(1.88620013080445,-0.103008502289078,7.2));
#3024=CARTESIAN_POINT('',(1.52844996729889,-0.103008502289078,7.2));
#3025=CARTESIAN_POINT('',(1.88620013080445,-0.103008502289078,7.19));
#3026=CARTESIAN_POINT('',(1.88620013080445,-0.103008502289078,7.19));
#3027=CARTESIAN_POINT('',(1.88620013080445,-0.103008502289078,7.19));
#3028=CARTESIAN_POINT('',(1.88620013080445,-0.0186396337475473,7.19));
#3029=CARTESIAN_POINT('',(1.87246566383257,0.0408763897972533,7.19));
#3030=CARTESIAN_POINT('',(1.81883584041857,0.110202746893394,7.19));
#3031=CARTESIAN_POINT('',(1.77436232831916,0.127861347285808,7.19));
#3032=CARTESIAN_POINT('',(1.65271419228254,0.127861347285808,7.19));
#3033=CARTESIAN_POINT('',(1.60693263570961,0.109548724656638,7.19));
#3034=CARTESIAN_POINT('',(1.54545454545455,0.0362982341399608,7.19));
#3035=CARTESIAN_POINT('',(1.5297580117724,-0.0225637671680836,7.19));
#3036=CARTESIAN_POINT('',(1.52844996729889,-0.103008502289078,7.19));
#3037=CARTESIAN_POINT('',(1.52844996729889,-0.103008502289078,7.19));
#3038=CARTESIAN_POINT('',(1.52844996729889,-0.103008502289078,7.19));
#3039=CARTESIAN_POINT('',(1.5297580117724,-0.18541530412034,7.19));
#3040=CARTESIAN_POINT('',(1.5297580117724,-0.18541530412034,7.2));
#3041=CARTESIAN_POINT('',(1.5297580117724,-0.302263868877567,7.19));
#3042=CARTESIAN_POINT('',(1.5297580117724,-0.302263868877567,7.2));
#3043=CARTESIAN_POINT('',(1.58807660495776,-0.437222735198959,7.19));
#3044=CARTESIAN_POINT('',(1.58807660495776,-0.437222735198959,7.2));
#3045=CARTESIAN_POINT('',(1.8193902225747,-0.408952951562788,7.19));
#3046=CARTESIAN_POINT('',(1.8193902225747,-0.408952951562788,7.2));
#3047=CARTESIAN_POINT('',(1.92347939829954,-0.401242642249836,7.19));
#3048=CARTESIAN_POINT('',(1.92347939829954,-0.401242642249836,7.2));
#3049=CARTESIAN_POINT('',(1.5297580117724,-0.18541530412034,7.19));
#3050=CARTESIAN_POINT('',(1.5297580117724,-0.18541530412034,7.19));
#3051=CARTESIAN_POINT('',(1.5297580117724,-0.18541530412034,7.19));
#3052=CARTESIAN_POINT('',(1.5297580117724,-0.261281883584042,7.19));
#3053=CARTESIAN_POINT('',(1.54349247874428,-0.317527795945062,7.19));
#3054=CARTESIAN_POINT('',(1.57161543492479,-0.354153041203401,7.19));
#3055=CARTESIAN_POINT('',(1.59949580592661,-0.390462361577866,7.19));
#3056=CARTESIAN_POINT('',(1.64682799215173,-0.409090909090909,7.19));
#3057=CARTESIAN_POINT('',(1.78351863963375,-0.409090909090909,7.19));
#3058=CARTESIAN_POINT('',(1.85284499672989,-0.406474820143885,7.19));
#3059=CARTESIAN_POINT('',(1.92347939829954,-0.401242642249836,7.19));
#3060=CARTESIAN_POINT('',(1.92347939829954,-0.401242642249836,7.19));
#3061=CARTESIAN_POINT('',(1.92347939829954,-0.401242642249836,7.19));
#3062=CARTESIAN_POINT('',(1.92347939829954,-0.401242642249836,7.19));
#3063=CARTESIAN_POINT('',(1.92347939829954,-0.401242642249836,7.2));
#3064=CARTESIAN_POINT('',(1.93681770446225,-0.400254619571117,7.19));
#3065=CARTESIAN_POINT('',(1.93681770446225,-0.400254619571117,7.2));
#3066=CARTESIAN_POINT('',(1.95007630259429,-0.398190538478308,7.19));
#3067=CARTESIAN_POINT('',(1.95007630259429,-0.398190538478308,7.2));
#3068=CARTESIAN_POINT('',(1.96337475474166,-0.396664486592544,7.19));
#3069=CARTESIAN_POINT('',(1.96337475474166,-0.396664486592544,7.2));
#3070=CARTESIAN_POINT('',(1.92347939829954,-0.401242642249836,7.19));
#3071=CARTESIAN_POINT('',(1.93681770446225,-0.400254619571117,7.19));
#3072=CARTESIAN_POINT('',(1.95007630259429,-0.398190538478308,7.19));
#3073=CARTESIAN_POINT('',(1.96337475474166,-0.396664486592544,7.19));
#3074=CARTESIAN_POINT('',(1.96337475474166,-0.396664486592544,7.19));
#3075=CARTESIAN_POINT('',(1.96337475474166,-0.396664486592544,7.19));
#3076=CARTESIAN_POINT('',(1.96337475474166,-0.396664486592544,7.19));
#3077=CARTESIAN_POINT('',(1.96337475474166,-0.396664486592544,7.19));
#3078=CARTESIAN_POINT('',(1.96424678439067,-0.423697405711794,7.19));
#3079=CARTESIAN_POINT('',(1.96511881403968,-0.450730324831044,7.19));
#3080=CARTESIAN_POINT('',(1.96599084368869,-0.477763243950294,7.19));
#3081=CARTESIAN_POINT('',(1.96599084368869,-0.477763243950294,7.19));
#3082=CARTESIAN_POINT('',(1.96599084368869,-0.477763243950294,7.19));
#3083=CARTESIAN_POINT('',(1.96599084368869,-0.477763243950294,7.19));
#3084=CARTESIAN_POINT('',(1.96599084368869,-0.477763243950294,7.2));
#3085=CARTESIAN_POINT('',(1.73889953803041,-0.510407619138671,7.19));
#3086=CARTESIAN_POINT('',(1.73889953803041,-0.510407619138671,7.2));
#3087=CARTESIAN_POINT('',(1.51083362399543,-0.525532252881391,7.19));
#3088=CARTESIAN_POINT('',(1.51083362399543,-0.525532252881391,7.2));
#3089=CARTESIAN_POINT('',(1.41424338422514,-0.256699947221054,7.19));
#3090=CARTESIAN_POINT('',(1.41424338422514,-0.256699947221054,7.2));
#3091=CARTESIAN_POINT('',(1.43592630881363,0.0715237929780244,7.19));
#3092=CARTESIAN_POINT('',(1.43592630881363,0.0715237929780244,7.2));
#3093=CARTESIAN_POINT('',(1.55727719522197,0.211341402803331,7.19));
#3094=CARTESIAN_POINT('',(1.55727719522197,0.211341402803331,7.2));
#3095=CARTESIAN_POINT('',(1.84065327271895,0.227075745039829,7.19));
#3096=CARTESIAN_POINT('',(1.84065327271895,0.227075745039829,7.2));
#3097=CARTESIAN_POINT('',(1.98952029100358,0.0860275610847161,7.19));
#3098=CARTESIAN_POINT('',(1.98952029100358,0.0860275610847161,7.2));
#3099=CARTESIAN_POINT('',(1.98950226416872,-0.10737770295202,7.19));
#3100=CARTESIAN_POINT('',(1.98950226416872,-0.10737770295202,7.2));
#3101=CARTESIAN_POINT('',(1.9836494440811,-0.18541530412034,7.19));
#3102=CARTESIAN_POINT('',(1.9836494440811,-0.18541530412034,7.2));
#3103=CARTESIAN_POINT('',(1.96599084368869,-0.477763243950294,7.19));
#3104=CARTESIAN_POINT('',(1.86134728580772,-0.492805755395683,7.19));
#3105=CARTESIAN_POINT('',(1.77174623937214,-0.5,7.19));
#3106=CARTESIAN_POINT('',(1.59908436886854,-0.5,7.19));
#3107=CARTESIAN_POINT('',(1.52844996729889,-0.471223021582734,7.19));
#3108=CARTESIAN_POINT('',(1.48724656638326,-0.414323086984957,7.19));
#3109=CARTESIAN_POINT('',(1.44573247939728,-0.356994109718607,7.19));
#3110=CARTESIAN_POINT('',(1.42576847612819,-0.267822105951602,7.19));
#3111=CARTESIAN_POINT('',(1.42576847612819,0.0938521909744932,7.19));
#3112=CARTESIAN_POINT('',(1.52125572269457,0.214192282537606,7.19));
#3113=CARTESIAN_POINT('',(1.71288423806409,0.214846304774363,7.19));
#3114=CARTESIAN_POINT('',(1.80575208176764,0.215163259872327,7.19));
#3115=CARTESIAN_POINT('',(1.87508175277959,0.18868541530412,7.19));
#3116=CARTESIAN_POINT('',(1.92086330935252,0.137017658600393,7.19));
#3117=CARTESIAN_POINT('',(1.96696949952828,0.0849835296877421,7.19));
#3118=CARTESIAN_POINT('',(1.9895356442119,0.00359712230215835,7.19));
#3119=CARTESIAN_POINT('',(1.9895356442119,-0.106932635709614,7.19));
#3120=CARTESIAN_POINT('',(1.9895356442119,-0.133093525179856,7.19));
#3121=CARTESIAN_POINT('',(1.98561151079137,-0.159254414650098,7.19));
#3122=CARTESIAN_POINT('',(1.9836494440811,-0.18541530412034,7.19));
#3123=CARTESIAN_POINT('',(1.9836494440811,-0.18541530412034,7.19));
#3124=CARTESIAN_POINT('',(1.9836494440811,-0.18541530412034,7.19));
#3125=CARTESIAN_POINT('',(1.9836494440811,-0.18541530412034,7.19));
#3126=CARTESIAN_POINT('',(1.9836494440811,-0.18541530412034,7.19));
#3127=CARTESIAN_POINT('',(1.8323522999782,-0.18541530412034,7.19));
#3128=CARTESIAN_POINT('',(1.6810551558753,-0.18541530412034,7.19));
#3129=CARTESIAN_POINT('',(1.5297580117724,-0.18541530412034,7.19));
#3130=CARTESIAN_POINT('',(1.52844996729889,-0.103008502289078,7.19));
#3131=CARTESIAN_POINT('',(1.52844996729889,-0.103008502289078,7.2));
#3132=CARTESIAN_POINT('',(1.64770002180074,-0.103008502289078,7.2));
#3133=CARTESIAN_POINT('',(1.76695007630259,-0.103008502289078,7.2));
#3134=CARTESIAN_POINT('',(1.88620013080445,-0.103008502289078,7.2));
#3135=CARTESIAN_POINT('',(1.52844996729889,-0.103008502289078,7.19));
#3136=CARTESIAN_POINT('',(1.64770002180074,-0.103008502289078,7.19));
#3137=CARTESIAN_POINT('',(1.76695007630259,-0.103008502289078,7.19));
#3138=CARTESIAN_POINT('',(1.88620013080445,-0.103008502289078,7.19));
#3139=CARTESIAN_POINT('',(1.63132536106565,-0.396415572709568,7.19));
#3140=CARTESIAN_POINT('',(0.,0.,7.2));
#3141=MECHANICAL_DESIGN_GEOMETRIC_PRESENTATION_REPRESENTATION('',(#1184,
#1185,#1186,#1187,#1188,#1189,#1190,#1191,#1192,#1193,#1194,#1195,#1196,
#1197,#1198,#1199,#1200,#1201,#1202,#1203,#1204,#1205,#1206,#1207,#1208,
#1209,#1210,#1211,#1212,#1213,#1214,#1215,#1216,#1217,#1218,#1219,#1220,
#1221,#1222,#1223,#1224,#1225,#1226,#1227,#1228,#1229,#1230,#1231,#1232,
#1233,#1234,#1235,#1236,#1237,#1238,#1239,#1240,#1241,#1242,#1243,#1244,
#1245,#1246,#1247,#1248,#1249,#1250,#1251,#1252,#1253,#1254,#1255,#1256,
#1257),#3142);
#3142=(
GEOMETRIC_REPRESENTATION_CONTEXT(3)
GLOBAL_UNCERTAINTY_ASSIGNED_CONTEXT((#3143))
GLOBAL_UNIT_ASSIGNED_CONTEXT((#3146,#3145,#3144))
REPRESENTATION_CONTEXT('74439358xxx','TOP_LEVEL_ASSEMBLY_PART')
);
#3143=UNCERTAINTY_MEASURE_WITH_UNIT(LENGTH_MEASURE(0.005),#3146,
'DISTANCE_ACCURACY_VALUE','Maximum Tolerance applied to model');
#3144=(
NAMED_UNIT(*)
SI_UNIT($,.STERADIAN.)
SOLID_ANGLE_UNIT()
);
#3145=(
NAMED_UNIT(*)
PLANE_ANGLE_UNIT()
SI_UNIT($,.RADIAN.)
);
#3146=(
LENGTH_UNIT()
NAMED_UNIT(*)
SI_UNIT(.MILLI.,.METRE.)
);
#3147=PRODUCT_DEFINITION_SHAPE('','',#3148);
#3148=PRODUCT_DEFINITION('','',#3150,#3149);
#3149=PRODUCT_DEFINITION_CONTEXT('',#3156,'design');
#3150=PRODUCT_DEFINITION_FORMATION_WITH_SPECIFIED_SOURCE('','',#3152,
 .NOT_KNOWN.);
#3151=PRODUCT_RELATED_PRODUCT_CATEGORY('','',(#3152));
#3152=PRODUCT('74439358xxx','74439358xxx','74439358xxx',(#3154));
#3153=PRODUCT_CATEGORY('','');
#3154=PRODUCT_CONTEXT('',#3156,'mechanical');
#3155=APPLICATION_PROTOCOL_DEFINITION('international standard',
'automotive_design',2010,#3156);
#3156=APPLICATION_CONTEXT(
'core data for automotive mechanical design processes');
ENDSEC;
END-ISO-10303-21;
